date,open,high,low,close,volume,ret,source
2022-04-01,67.04,67.04,57.33,60.58,171069,,akshare_stock_zh_a_hist
2022-04-06,60.74,60.79,54.05,56.46,71806,-0.06800924397490915,akshare_stock_zh_a_hist
2022-04-07,55.48,55.51,52.46,52.94,59819,-0.06234502302515066,akshare_stock_zh_a_hist
2022-04-08,52.58,53.58,48.54,49.07,64149,-0.07310162448054391,akshare_stock_zh_a_hist
2022-04-11,47.95,48.57,45.65,47.19,45008,-0.03831261463215818,akshare_stock_zh_a_hist
2022-04-12,46.69,52.15,46.68,51.66,48851,0.09472345835982199,akshare_stock_zh_a_hist
2022-04-13,51.14,53.85,50.35,53.18,38029,0.029423151374371015,akshare_stock_zh_a_hist
2022-04-14,53.18,54.68,51.4,52.4,27360,-0.014667168108311368,akshare_stock_zh_a_hist
2022-04-15,50.88,53.52,50.41,52.45,25810,0.000954198473282597,akshare_stock_zh_a_hist
2022-04-18,51.65,57.05,51.41,56.73,28888,0.08160152526215425,akshare_stock_zh_a_hist
2022-04-19,55.58,56.9,54.94,55.69,15801,-0.018332451965450414,akshare_stock_zh_a_hist
2022-04-20,55.75,56.65,54.35,56.42,16688,0.01310827796731906,akshare_stock_zh_a_hist
2022-04-21,56.12,58.16,55.02,57.19,17636,0.013647642679900596,akshare_stock_zh_a_hist
2022-04-22,56.88,57.03,51.4,52.04,24653,-0.09005070816576322,akshare_stock_zh_a_hist
2022-04-25,50.82,53.92,49.43,51.48,18827,-0.01076095311299008,akshare_stock_zh_a_hist
2022-04-26,51.48,55.09,50.12,52.65,18389,0.022727272727272707,akshare_stock_zh_a_hist
2022-04-27,51.74,55.61,50.93,54.31,19156,0.03152896486229828,akshare_stock_zh_a_hist
2022-04-28,54.0,54.1,51.18,52.19,16092,-0.039035168477260296,akshare_stock_zh_a_hist
2022-04-29,52.19,56.81,52.19,55.78,16048,0.06878712397010922,akshare_stock_zh_a_hist
2022-05-05,54.88,56.08,53.87,53.87,19049,-0.03424166367873793,akshare_stock_zh_a_hist
2022-05-06,52.28,53.09,50.68,50.73,19936,-0.058288472248004486,akshare_stock_zh_a_hist
2022-05-09,50.85,51.73,49.73,51.33,10200,0.011827321111768319,akshare_stock_zh_a_hist
2022-05-10,50.43,55.04,49.88,54.14,20372,0.05474381453341137,akshare_stock_zh_a_hist
2022-05-11,54.1,59.19,53.58,56.67,27192,0.04673069818987807,akshare_stock_zh_a_hist
2022-05-12,56.64,62.54,56.26,62.54,36649,0.10358214222692785,akshare_stock_zh_a_hist
2022-05-13,61.8,62.42,60.42,61.69,17777,-0.013591301566997172,akshare_stock_zh_a_hist
2022-05-16,61.85,63.09,59.55,60.4,12065,-0.02091100664613388,akshare_stock_zh_a_hist
2022-05-17,60.33,62.25,59.75,61.45,15878,0.017384105960265073,akshare_stock_zh_a_hist
2022-05-18,60.98,61.83,58.62,59.45,19229,-0.03254678600488203,akshare_stock_zh_a_hist
2022-05-19,58.62,61.48,58.02,59.44,21264,-0.00016820857863764083,akshare_stock_zh_a_hist
2022-05-20,59.42,61.95,58.19,60.95,18444,0.025403768506056634,akshare_stock_zh_a_hist
2022-05-23,60.88,63.87,60.17,62.18,18946,0.02018047579983584,akshare_stock_zh_a_hist
2022-05-24,61.96,62.18,56.68,57.18,25303,-0.08041170794467678,akshare_stock_zh_a_hist
2022-05-25,57.31,58.15,55.96,57.65,14566,0.008219657222805266,akshare_stock_zh_a_hist
2022-05-26,57.28,58.82,56.94,57.42,12749,-0.003989592367736328,akshare_stock_zh_a_hist
2022-05-27,57.5,58.83,56.84,57.82,10385,0.006966213862765525,akshare_stock_zh_a_hist
2022-05-30,58.22,65.64,58.22,64.86,29634,0.12175717744725012,akshare_stock_zh_a_hist
2022-05-31,64.75,68.38,64.37,67.12,28043,0.034844279987665816,akshare_stock_zh_a_hist
2022-06-01,66.27,68.74,65.75,67.96,17074,0.0125148986889152,akshare_stock_zh_a_hist
2022-06-02,68.42,70.78,67.06,69.63,24524,0.024573278399058207,akshare_stock_zh_a_hist
2022-06-06,72.33,78.35,70.36,75.12,42546,0.078845325290823,akshare_stock_zh_a_hist
2022-06-07,74.07,77.39,73.19,75.84,25052,0.009584664536741228,akshare_stock_zh_a_hist
2022-06-08,75.81,79.25,73.88,75.04,24138,-0.010548523206751037,akshare_stock_zh_a_hist
2022-06-09,75.11,77.69,72.04,72.04,23751,-0.03997867803837951,akshare_stock_zh_a_hist
2022-06-10,71.27,74.19,70.82,73.96,20611,0.026651860077734346,akshare_stock_zh_a_hist
2022-06-13,73.85,76.07,72.42,72.99,15962,-0.013115197404002132,akshare_stock_zh_a_hist
2022-06-14,72.33,72.33,68.02,70.5,21339,-0.03411426222770231,akshare_stock_zh_a_hist
2022-06-15,70.5,74.62,70.02,70.14,17640,-0.005106382978723345,akshare_stock_zh_a_hist
2022-06-16,70.24,73.16,70.12,71.88,13309,0.02480752780153961,akshare_stock_zh_a_hist
2022-06-17,70.53,73.96,70.38,72.72,14250,0.011686143572620988,akshare_stock_zh_a_hist
2022-06-20,73.81,75.27,70.12,73.47,16233,0.010313531353135286,akshare_stock_zh_a_hist
2022-06-21,73.23,80.11,71.72,75.88,20629,0.03280250442357424,akshare_stock_zh_a_hist
2022-06-22,76.65,83.19,76.65,80.58,28659,0.06193990511333691,akshare_stock_zh_a_hist
2022-06-23,80.12,86.51,77.81,84.89,29112,0.053487217671878806,akshare_stock_zh_a_hist
2022-06-24,83.14,86.56,81.69,85.12,18773,0.0027093886205677986,akshare_stock_zh_a_hist
2022-06-27,85.88,88.4,83.41,84.43,17155,-0.008106203007518742,akshare_stock_zh_a_hist
2022-06-28,84.62,87.7,82.56,87.04,16147,0.030913182518062188,akshare_stock_zh_a_hist
2022-06-29,85.5,88.35,83.8,84.08,14633,-0.034007352941176516,akshare_stock_zh_a_hist
2022-06-30,84.78,93.81,84.78,92.95,19535,0.10549476688867743,akshare_stock_zh_a_hist
2022-07-01,92.46,95.38,89.73,91.08,13400,-0.020118343195266286,akshare_stock_zh_a_hist
2022-07-04,91.42,91.5,86.27,90.35,14854,-0.008014931927975422,akshare_stock_zh_a_hist
2022-07-05,90.46,92.27,85.12,86.27,19283,-0.045157719977863886,akshare_stock_zh_a_hist
2022-07-06,86.27,89.25,85.19,86.86,11496,0.006838993856497,akshare_stock_zh_a_hist
2022-07-07,88.65,94.49,87.42,93.2,16347,0.0729910200322359,akshare_stock_zh_a_hist
2022-07-08,93.96,96.65,91.67,93.52,13049,0.0034334763948498104,akshare_stock_zh_a_hist
2022-07-11,92.81,93.74,90.12,92.71,14657,-0.008661248930710075,akshare_stock_zh_a_hist
2022-07-12,92.27,92.27,83.58,83.98,23351,-0.09416459928810261,akshare_stock_zh_a_hist
2022-07-13,83.72,86.5,80.35,84.52,18907,0.006430102405334592,akshare_stock_zh_a_hist
2022-07-14,85.12,90.13,84.08,87.72,12790,0.03786086133459543,akshare_stock_zh_a_hist
2022-07-15,87.72,91.46,86.65,87.72,10762,0.0,akshare_stock_zh_a_hist
2022-07-18,87.86,96.65,86.27,96.38,17873,0.09872321021431829,akshare_stock_zh_a_hist
2022-07-19,95.89,98.57,93.58,97.54,12580,0.012035692052293046,akshare_stock_zh_a_hist
2022-07-20,97.53,99.02,93.68,94.65,11191,-0.029628870207094482,akshare_stock_zh_a_hist
2022-07-21,94.1,103.58,93.72,99.27,20816,0.04881141045958781,akshare_stock_zh_a_hist
2022-07-22,98.56,102.81,97.69,101.17,12426,0.019139719955676426,akshare_stock_zh_a_hist
2022-07-25,100.19,110.12,99.82,107.8,16325,0.06553326084807742,akshare_stock_zh_a_hist
2022-07-26,107.8,112.81,105.79,108.81,13133,0.009369202226345186,akshare_stock_zh_a_hist
2022-07-27,107.42,110.15,105.88,107.81,9802,-0.009190331770976945,akshare_stock_zh_a_hist
2022-07-28,107.95,115.4,107.95,115.12,17972,0.06780447082830898,akshare_stock_zh_a_hist
2022-07-29,113.89,118.58,106.1,108.41,24943,-0.058287004864489345,akshare_stock_zh_a_hist
2022-08-01,108.95,112.58,104.92,108.95,17190,0.004981090305322455,akshare_stock_zh_a_hist
2022-08-02,108.88,125.12,105.12,119.96,29275,0.10105553005966028,akshare_stock_zh_a_hist
2022-08-03,120.94,125.35,113.58,116.28,31262,-0.030676892297432423,akshare_stock_zh_a_hist
2022-08-04,117.32,118.18,113.19,117.45,16442,0.010061919504644079,akshare_stock_zh_a_hist
2022-08-05,117.42,118.65,112.19,114.12,22744,-0.028352490421455934,akshare_stock_zh_a_hist
2022-08-08,114.04,114.77,106.77,112.9,20036,-0.010690501226778837,akshare_stock_zh_a_hist
2022-08-09,115.15,115.78,108.96,114.72,16519,0.01612046058458816,akshare_stock_zh_a_hist
2022-08-10,112.82,117.12,110.5,111.27,15254,-0.03007322175732219,akshare_stock_zh_a_hist
2022-08-11,112.73,124.22,112.73,120.88,23599,0.08636649591084744,akshare_stock_zh_a_hist
2022-08-12,120.58,121.27,107.54,108.1,24896,-0.1057246856386499,akshare_stock_zh_a_hist
2022-08-15,107.33,111.19,105.88,108.96,13276,0.007955596669750209,akshare_stock_zh_a_hist
2022-08-16,104.58,110.92,102.45,104.19,31429,-0.0437775330396476,akshare_stock_zh_a_hist
2022-08-17,104.52,108.79,102.92,106.12,21138,0.018523850657452767,akshare_stock_zh_a_hist
2022-08-18,102.81,113.58,102.81,111.73,19986,0.05286468149264989,akshare_stock_zh_a_hist
2022-08-19,113.18,115.88,105.54,105.88,21656,-0.052358363913004635,akshare_stock_zh_a_hist
2022-08-22,105.37,108.87,103.96,106.01,13150,0.0012278050623348857,akshare_stock_zh_a_hist
2022-08-23,105.47,114.94,104.36,110.73,17508,0.044524101499858526,akshare_stock_zh_a_hist
2022-08-24,110.73,111.27,102.95,103.58,16955,-0.0645714801770072,akshare_stock_zh_a_hist
2022-08-25,104.35,105.67,96.89,98.08,20669,-0.05309905387140379,akshare_stock_zh_a_hist
2022-08-26,98.58,100.39,94.5,95.15,15882,-0.029873572593800857,akshare_stock_zh_a_hist
2022-08-29,92.25,103.58,91.35,99.25,20492,0.04308985811875976,akshare_stock_zh_a_hist
2022-08-30,98.24,99.7,96.39,96.82,11150,-0.0244836272040303,akshare_stock_zh_a_hist
2022-08-31,96.82,97.85,90.67,91.5,14136,-0.05494732493286503,akshare_stock_zh_a_hist
2022-09-01,91.62,93.38,89.73,90.07,8065,-0.015628415300546483,akshare_stock_zh_a_hist
2022-09-02,90.31,94.93,90.18,93.7,10252,0.04030198734317758,akshare_stock_zh_a_hist
2022-09-05,93.42,93.96,89.1,92.44,14637,-0.013447171824973347,akshare_stock_zh_a_hist
2022-09-06,94.3,100.5,94.3,98.67,20326,0.06739506707053233,akshare_stock_zh_a_hist
2022-09-07,97.35,108.96,97.35,106.63,23148,0.08067295023816756,akshare_stock_zh_a_hist
2022-09-08,105.57,108.55,105.5,106.65,13273,0.00018756447528844866,akshare_stock_zh_a_hist
2022-09-09,107.11,107.86,99.35,100.08,17198,-0.06160337552742623,akshare_stock_zh_a_hist
2022-09-13,99.87,102.8,93.58,96.19,24431,-0.038868904876099175,akshare_stock_zh_a_hist
2022-09-14,94.39,101.25,94.33,99.92,17477,0.038777419690196435,akshare_stock_zh_a_hist
2022-09-15,98.99,100.71,91.31,91.98,16619,-0.07946357085668532,akshare_stock_zh_a_hist
2022-09-16,92.16,93.35,90.29,90.29,12469,-0.01837355946944985,akshare_stock_zh_a_hist
2022-09-19,89.58,93.42,88.96,90.82,13324,0.005869974526525601,akshare_stock_zh_a_hist
2022-09-20,91.66,93.02,88.5,91.38,10392,0.006166042721867493,akshare_stock_zh_a_hist
2022-09-21,90.5,92.04,88.25,88.43,9519,-0.032282775224337756,akshare_stock_zh_a_hist
2022-09-22,88.61,90.87,85.53,89.46,13199,0.011647630894492611,akshare_stock_zh_a_hist
2022-09-23,88.58,89.55,82.78,83.95,22169,-0.061591772859378446,akshare_stock_zh_a_hist
2022-09-26,83.73,87.11,82.92,84.64,12264,0.008219178082191858,akshare_stock_zh_a_hist
2022-09-27,85.57,87.7,84.8,87.25,12748,0.030836483931947045,akshare_stock_zh_a_hist
2022-09-28,87.45,88.58,82.81,82.96,11495,-0.04916905444126085,akshare_stock_zh_a_hist
2022-09-29,83.68,88.19,83.42,87.28,12440,0.05207328833172631,akshare_stock_zh_a_hist
2022-09-30,87.52,87.55,83.04,83.19,11507,-0.046860678276810286,akshare_stock_zh_a_hist
2022-10-10,81.93,81.93,73.28,73.65,28852,-0.11467724486116115,akshare_stock_zh_a_hist
2022-10-11,73.78,77.06,73.17,74.74,11160,0.01479972844534938,akshare_stock_zh_a_hist
2022-10-12,75.37,82.41,73.68,82.03,19492,0.09753813219159757,akshare_stock_zh_a_hist
2022-10-13,80.89,84.96,79.32,79.64,14457,-0.02913568206753625,akshare_stock_zh_a_hist
2022-10-14,81.65,82.88,78.06,82.35,14833,0.034028126569563,akshare_stock_zh_a_hist
2022-10-17,80.6,84.35,79.35,82.18,15168,-0.002064359441408481,akshare_stock_zh_a_hist
2022-10-18,82.56,82.56,75.64,77.25,32001,-0.05999026527135565,akshare_stock_zh_a_hist
2022-10-19,76.48,78.78,74.68,76.52,20942,-0.009449838187702286,akshare_stock_zh_a_hist
2022-10-20,76.45,80.85,74.19,78.98,30159,0.032148457919498385,akshare_stock_zh_a_hist
2022-10-21,78.96,78.96,75.87,77.89,13743,-0.013800962268928907,akshare_stock_zh_a_hist
2022-10-24,78.34,81.11,78.34,79.45,16658,0.020028244960842212,akshare_stock_zh_a_hist
2022-10-25,79.72,89.1,79.42,86.91,37340,0.09389553178099419,akshare_stock_zh_a_hist
2022-10-26,85.77,90.17,85.01,88.96,29220,0.02358761937636622,akshare_stock_zh_a_hist
2022-10-27,90.01,90.04,81.27,81.27,30901,-0.08644334532374098,akshare_stock_zh_a_hist
2022-10-28,67.08,78.19,67.08,74.58,46601,-0.0823181985972683,akshare_stock_zh_a_hist
2022-10-31,72.96,77.04,72.96,74.35,20089,-0.003083936712255375,akshare_stock_zh_a_hist
2022-11-01,73.65,74.69,69.8,72.12,19580,-0.02999327505043703,akshare_stock_zh_a_hist
2022-11-02,71.88,78.38,71.05,77.16,23571,0.06988352745424287,akshare_stock_zh_a_hist
2022-11-03,76.05,84.39,76.05,83.81,19718,0.08618455158113014,akshare_stock_zh_a_hist
2022-11-04,85.35,89.65,83.19,89.27,28311,0.06514735711728914,akshare_stock_zh_a_hist
2022-11-07,89.12,91.96,88.19,90.18,27935,0.010193794107762999,akshare_stock_zh_a_hist
2022-11-08,91.5,91.5,87.87,88.98,12183,-0.01330671989354626,akshare_stock_zh_a_hist
2022-11-09,87.92,90.46,87.87,88.65,8684,-0.0037086985839513975,akshare_stock_zh_a_hist
2022-11-10,87.93,89.48,82.3,83.27,16337,-0.06068809926677954,akshare_stock_zh_a_hist
2022-11-11,86.48,87.7,83.35,83.58,12214,0.0037228293503062115,akshare_stock_zh_a_hist
2022-11-14,84.42,84.83,77.42,78.85,16120,-0.056592486240727546,akshare_stock_zh_a_hist
2022-11-15,77.57,87.33,76.91,86.26,16950,0.09397590361445807,akshare_stock_zh_a_hist
2022-11-16,87.13,91.55,85.24,87.79,21803,0.017737073962439176,akshare_stock_zh_a_hist
2022-11-17,87.91,91.01,82.65,89.65,21185,0.02118692333978811,akshare_stock_zh_a_hist
2022-11-18,89.92,91.18,85.93,86.04,13600,-0.04026770775237032,akshare_stock_zh_a_hist
2022-11-21,86.04,87.87,84.09,85.97,9285,-0.0008135750813575982,akshare_stock_zh_a_hist
2022-11-22,85.88,88.15,83.28,87.18,13787,0.01407467721298139,akshare_stock_zh_a_hist
2022-11-23,87.54,88.17,84.0,85.65,11880,-0.017549896765313155,akshare_stock_zh_a_hist
2022-11-24,86.1,89.25,84.42,84.56,8538,-0.012726211325160608,akshare_stock_zh_a_hist
2022-11-25,84.19,86.32,81.28,81.28,9417,-0.03878902554399244,akshare_stock_zh_a_hist
2022-11-28,78.61,81.12,77.94,78.01,10987,-0.04023129921259838,akshare_stock_zh_a_hist
2022-11-29,78.19,79.15,75.81,76.47,18649,-0.019741058838610548,akshare_stock_zh_a_hist
2022-11-30,76.47,82.29,74.43,82.27,22617,0.07584673728259439,akshare_stock_zh_a_hist
2022-12-01,82.92,89.65,82.3,85.12,24762,0.03464203233256358,akshare_stock_zh_a_hist
2022-12-02,84.19,88.58,82.72,84.35,15431,-0.009046052631579093,akshare_stock_zh_a_hist
2022-12-05,83.78,85.85,81.79,84.57,15291,0.002608180201541188,akshare_stock_zh_a_hist
2022-12-06,84.55,89.91,84.52,86.68,15460,0.02494974577273279,akshare_stock_zh_a_hist
2022-12-07,86.0,86.93,84.12,85.49,9981,-0.013728657129672528,akshare_stock_zh_a_hist
2022-12-08,84.43,88.58,83.48,86.29,13599,0.009357819628026842,akshare_stock_zh_a_hist
2022-12-09,85.78,90.12,84.64,84.73,13901,-0.018078572256344905,akshare_stock_zh_a_hist
2022-12-12,84.35,87.42,81.34,85.5,10573,0.009087690310397578,akshare_stock_zh_a_hist
2022-12-13,85.12,85.19,79.98,80.72,12277,-0.055906432748538015,akshare_stock_zh_a_hist
2022-12-14,83.21,85.12,80.36,80.66,12610,-0.0007433102081269016,akshare_stock_zh_a_hist
2022-12-15,79.05,83.48,78.71,82.04,10698,0.01710885197123746,akshare_stock_zh_a_hist
2022-12-16,81.38,81.38,78.68,80.06,8289,-0.024134568503169196,akshare_stock_zh_a_hist
2022-12-19,79.47,81.48,77.7,78.3,7318,-0.02198351236572582,akshare_stock_zh_a_hist
2022-12-20,78.3,79.46,76.65,78.47,6448,0.0021711366538952337,akshare_stock_zh_a_hist
2022-12-21,78.47,78.95,74.58,75.23,9673,-0.04128966484006624,akshare_stock_zh_a_hist
2022-12-22,76.04,76.15,72.19,74.3,9633,-0.012362089591918202,akshare_stock_zh_a_hist
2022-12-23,73.08,74.3,70.36,70.76,10701,-0.04764468371467012,akshare_stock_zh_a_hist
2022-12-26,69.75,75.55,69.75,74.12,8801,0.047484454494064465,akshare_stock_zh_a_hist
2022-12-27,73.98,75.56,72.48,75.0,7727,0.011872638963842386,akshare_stock_zh_a_hist
2022-12-28,75.48,75.88,74.2,74.25,8138,-0.010000000000000009,akshare_stock_zh_a_hist
2022-12-29,73.88,74.78,73.19,74.38,7802,0.001750841750841614,akshare_stock_zh_a_hist
2022-12-30,74.79,74.79,72.83,74.15,6801,-0.0030922290938423247,akshare_stock_zh_a_hist
2023-01-03,73.54,78.72,72.19,78.19,11984,0.05448415374241389,akshare_stock_zh_a_hist
2023-01-04,78.26,79.41,74.64,76.66,9185,-0.01956771965724524,akshare_stock_zh_a_hist
2023-01-05,75.9,78.53,75.25,76.19,10332,-0.006130967910253027,akshare_stock_zh_a_hist
2023-01-06,76.14,78.82,75.49,78.19,10633,0.026250164063525316,akshare_stock_zh_a_hist
2023-01-09,77.81,79.91,77.09,78.44,7154,0.0031973398132754127,akshare_stock_zh_a_hist
2023-01-10,78.93,80.73,77.42,77.72,7790,-0.009178990311065727,akshare_stock_zh_a_hist
2023-01-11,77.44,79.33,76.65,76.67,8228,-0.013510036026762706,akshare_stock_zh_a_hist
2023-01-12,76.67,78.63,75.52,77.6,7148,0.012129907395330486,akshare_stock_zh_a_hist
2023-01-13,76.9,78.58,73.04,74.81,14612,-0.03595360824742255,akshare_stock_zh_a_hist
2023-01-16,74.82,77.69,74.19,75.48,9179,0.008956021922202906,akshare_stock_zh_a_hist
2023-01-17,76.4,81.66,75.35,79.75,13701,0.05657127715951238,akshare_stock_zh_a_hist
2023-01-18,80.5,80.5,78.69,79.15,4076,-0.007523510971786718,akshare_stock_zh_a_hist
2023-01-19,78.99,83.78,78.27,83.25,12902,0.0518003790271635,akshare_stock_zh_a_hist
2023-01-20,83.25,83.25,80.65,81.13,10137,-0.025465465465465575,akshare_stock_zh_a_hist
2023-01-30,82.65,83.17,79.64,80.25,12639,-0.01084678910390724,akshare_stock_zh_a_hist
2023-01-31,79.73,80.76,77.75,77.92,9493,-0.029034267912772527,akshare_stock_zh_a_hist
2023-02-01,78.38,81.8,78.15,79.65,14882,0.022202258726899515,akshare_stock_zh_a_hist
2023-02-02,79.73,85.88,79.65,84.34,21512,0.0588826114249843,akshare_stock_zh_a_hist
2023-02-03,87.9,90.08,82.72,86.72,29826,0.028219113113587824,akshare_stock_zh_a_hist
2023-02-06,86.15,92.2,86.13,90.81,33240,0.04716328413284132,akshare_stock_zh_a_hist
2023-02-07,90.15,92.58,88.96,92.1,22202,0.014205483977535405,akshare_stock_zh_a_hist
2023-02-08,92.12,93.4,88.95,90.53,19004,-0.017046688382193143,akshare_stock_zh_a_hist
2023-02-09,90.97,101.99,90.51,99.92,29823,0.10372252292057871,akshare_stock_zh_a_hist
2023-02-10,98.64,102.72,96.96,98.02,21252,-0.019015212169735896,akshare_stock_zh_a_hist
2023-02-13,97.25,103.48,96.4,102.8,19097,0.048765558049377766,akshare_stock_zh_a_hist
2023-02-14,101.95,104.19,97.42,101.27,15182,-0.01488326848249033,akshare_stock_zh_a_hist
2023-02-15,99.73,103.81,95.75,99.19,18548,-0.020539152759948665,akshare_stock_zh_a_hist
2023-02-16,99.31,103.57,96.65,98.19,17769,-0.0100816614578082,akshare_stock_zh_a_hist
2023-02-17,98.19,99.56,93.33,95.11,13093,-0.03136775639067113,akshare_stock_zh_a_hist
2023-02-20,95.87,97.42,92.64,96.65,9930,0.016191777941331198,akshare_stock_zh_a_hist
2023-02-21,96.87,97.95,94.38,95.13,6037,-0.015726849456803027,akshare_stock_zh_a_hist
2023-02-22,94.02,96.26,92.09,95.12,13162,-0.00010511931041723432,akshare_stock_zh_a_hist
2023-02-23,95.12,101.65,93.58,97.88,16124,0.029015979814970505,akshare_stock_zh_a_hist
2023-02-24,97.05,97.16,93.58,94.65,11517,-0.032999591336330125,akshare_stock_zh_a_hist
2023-02-27,93.6,96.1,92.81,92.81,9072,-0.01944004226096152,akshare_stock_zh_a_hist
2023-02-28,90.54,92.03,88.19,90.07,13293,-0.029522680745609375,akshare_stock_zh_a_hist
2023-03-01,91.14,92.88,89.81,91.95,10424,0.020872654601976404,akshare_stock_zh_a_hist
2023-03-02,91.95,92.41,88.65,89.28,6778,-0.02903752039151719,akshare_stock_zh_a_hist
2023-03-03,90.32,91.18,87.16,90.15,9238,0.009744623655913998,akshare_stock_zh_a_hist
2023-03-06,89.38,93.88,88.59,92.45,12861,0.025513033832501364,akshare_stock_zh_a_hist
2023-03-07,93.41,99.53,93.41,94.66,23847,0.02390481341265538,akshare_stock_zh_a_hist
2023-03-08,93.18,96.1,91.86,95.64,12799,0.010352841749418973,akshare_stock_zh_a_hist
2023-03-09,95.72,97.33,93.48,93.72,7777,-0.020075282308657516,akshare_stock_zh_a_hist
2023-03-10,93.48,96.65,92.27,95.08,11166,0.014511310285958201,akshare_stock_zh_a_hist
2023-03-13,95.22,97.35,94.52,95.5,5922,0.004417332772402194,akshare_stock_zh_a_hist
2023-03-14,94.98,95.45,89.42,90.58,15611,-0.05151832460732986,akshare_stock_zh_a_hist
2023-03-15,91.3,91.78,89.42,90.5,8670,-0.0008831971737690569,akshare_stock_zh_a_hist
2023-03-16,89.38,91.65,86.27,86.95,7682,-0.0392265193370166,akshare_stock_zh_a_hist
2023-03-17,88.08,90.11,85.63,87.73,9833,0.008970672800460155,akshare_stock_zh_a_hist
2023-03-20,86.65,87.97,84.73,87.5,12406,-0.0026216801550211777,akshare_stock_zh_a_hist
2023-03-21,87.42,87.42,85.12,86.38,7517,-0.012800000000000034,akshare_stock_zh_a_hist
2023-03-22,87.38,89.58,86.56,88.73,10187,0.027205371613799656,akshare_stock_zh_a_hist
2023-03-23,89.49,93.45,87.77,92.65,13353,0.04417896990871184,akshare_stock_zh_a_hist
2023-03-24,92.03,93.57,88.96,90.49,13456,-0.023313545601727048,akshare_stock_zh_a_hist
2023-03-27,89.52,89.73,83.55,84.73,16616,-0.06365344236932247,akshare_stock_zh_a_hist
2023-03-28,84.18,84.32,80.12,80.78,14168,-0.046618671072819584,akshare_stock_zh_a_hist
2023-03-29,80.35,83.22,80.0,80.94,9938,0.00198068828918041,akshare_stock_zh_a_hist
2023-03-30,80.43,83.48,80.43,80.98,11149,0.0004941932295527973,akshare_stock_zh_a_hist
2023-03-31,81.19,81.44,78.44,79.78,11246,-0.014818473697209233,akshare_stock_zh_a_hist
2023-04-03,79.35,85.58,79.35,84.27,14940,0.05627976936575574,akshare_stock_zh_a_hist
2023-04-04,84.11,90.1,84.01,86.81,20415,0.03014121276848236,akshare_stock_zh_a_hist
2023-04-06,85.88,93.68,85.62,91.03,24430,0.04861191107015328,akshare_stock_zh_a_hist
2023-04-07,93.58,94.17,89.52,90.75,18423,-0.003075909040975544,akshare_stock_zh_a_hist
2023-04-10,90.5,93.55,88.49,90.66,16836,-0.0009917355371901193,akshare_stock_zh_a_hist
2023-04-11,90.88,91.27,87.03,87.81,17498,-0.031436135009927146,akshare_stock_zh_a_hist
2023-04-12,87.83,90.2,86.41,89.27,15965,0.016626807880651295,akshare_stock_zh_a_hist
2023-04-13,89.06,89.41,85.12,85.61,12165,-0.04099921586199162,akshare_stock_zh_a_hist
2023-04-14,86.27,89.18,83.96,88.38,16280,0.03235603317369451,akshare_stock_zh_a_hist
2023-04-17,88.35,89.71,85.98,86.44,12895,-0.021950667571848825,akshare_stock_zh_a_hist
2023-04-18,86.19,87.05,84.2,84.92,9941,-0.017584451642757903,akshare_stock_zh_a_hist
2023-04-19,85.11,89.73,84.35,87.07,16247,0.02531794630240225,akshare_stock_zh_a_hist
2023-04-20,87.07,91.18,85.78,90.5,23310,0.03939359136327103,akshare_stock_zh_a_hist
2023-04-21,91.27,91.27,84.32,85.51,25570,-0.055138121546961294,akshare_stock_zh_a_hist
2023-04-24,85.51,85.79,77.42,77.92,22505,-0.08876154835691741,akshare_stock_zh_a_hist
2023-04-25,77.42,78.81,73.27,74.38,17778,-0.045431211498973334,akshare_stock_zh_a_hist
2023-04-26,75.52,76.02,71.95,72.73,9646,-0.022183382629739068,akshare_stock_zh_a_hist
2023-04-27,72.65,74.6,70.96,71.3,10249,-0.01966176268389941,akshare_stock_zh_a_hist
2023-04-28,70.25,72.64,70.2,71.27,12266,-0.00042075736325386526,akshare_stock_zh_a_hist
2023-05-04,71.08,71.73,68.43,69.05,11100,-0.031149151115476337,akshare_stock_zh_a_hist
2023-05-05,69.08,69.7,66.46,67.81,8881,-0.017958001448225902,akshare_stock_zh_a_hist
2023-05-08,68.0,69.35,67.33,67.98,12180,0.0025070048665389866,akshare_stock_zh_a_hist
2023-05-09,68.48,69.02,65.88,65.88,8561,-0.030891438658429027,akshare_stock_zh_a_hist
2023-05-10,65.82,66.65,64.85,65.99,6597,0.0016697024893745915,akshare_stock_zh_a_hist
2023-05-11,66.41,67.16,64.89,65.12,5424,-0.013183815729655879,akshare_stock_zh_a_hist
2023-05-12,65.65,66.51,64.54,65.39,4370,0.004146191646191566,akshare_stock_zh_a_hist
2023-05-15,64.56,67.04,64.56,66.85,9259,0.02232757302339805,akshare_stock_zh_a_hist
2023-05-16,67.54,67.54,64.81,66.07,9578,-0.011667913238593841,akshare_stock_zh_a_hist
2023-05-17,65.86,67.02,64.88,65.45,6189,-0.009383986680792988,akshare_stock_zh_a_hist
2023-05-18,65.39,67.7,65.39,66.46,12603,0.015431627196332842,akshare_stock_zh_a_hist
2023-05-19,79.81,79.81,79.43,79.81,90409,0.200872705386699,akshare_stock_zh_a_hist
2023-05-22,76.65,79.97,72.82,74.25,78461,-0.06966545545670966,akshare_stock_zh_a_hist
2023-05-23,74.25,75.5,69.14,70.49,52771,-0.05063973063973071,akshare_stock_zh_a_hist
2023-05-24,69.73,78.98,69.73,75.84,66045,0.07589729039580084,akshare_stock_zh_a_hist
2023-05-25,78.96,82.42,76.39,81.81,70546,0.07871835443037978,akshare_stock_zh_a_hist
2023-05-26,80.42,81.27,77.85,78.96,38071,-0.03483681701503494,akshare_stock_zh_a_hist
2023-05-29,80.5,83.58,78.88,79.14,47743,0.0022796352583587254,akshare_stock_zh_a_hist
2023-05-30,81.18,84.35,79.1,82.35,40830,0.04056103108415465,akshare_stock_zh_a_hist
2023-05-31,79.88,82.04,77.51,81.27,24349,-0.013114754098360604,akshare_stock_zh_a_hist
2023-06-01,80.28,82.57,78.74,79.52,24945,-0.021533161068044815,akshare_stock_zh_a_hist
2023-06-02,79.49,80.49,75.5,76.52,27683,-0.03772635814889336,akshare_stock_zh_a_hist
2023-06-05,77.08,78.63,73.65,74.1,31157,-0.031625718766335575,akshare_stock_zh_a_hist
2023-06-06,74.63,77.42,72.95,73.88,26345,-0.0029689608636976894,akshare_stock_zh_a_hist
2023-06-07,73.88,78.71,71.15,77.04,37170,0.04277206280454804,akshare_stock_zh_a_hist
2023-06-08,77.06,77.44,72.8,73.37,26811,-0.0476375908618899,akshare_stock_zh_a_hist
2023-06-09,72.91,81.8,72.91,80.85,53049,0.10194902548725615,akshare_stock_zh_a_hist
2023-06-12,80.11,82.5,78.94,78.94,38816,-0.023623995052566404,akshare_stock_zh_a_hist
2023-06-13,78.0,91.44,78.0,88.99,66074,0.12731188244236136,akshare_stock_zh_a_hist
2023-06-14,87.0,102.67,87.0,100.55,97532,0.12990223620631536,akshare_stock_zh_a_hist
2023-06-15,101.5,118.99,101.33,108.03,151786,0.07439085032322224,akshare_stock_zh_a_hist
2023-06-16,105.3,108.47,99.0,106.1,121452,-0.017865407757104546,akshare_stock_zh_a_hist
2023-06-19,109.0,123.67,107.0,116.99,131540,0.10263901979264856,akshare_stock_zh_a_hist
2023-06-20,112.71,115.8,109.0,112.93,90874,-0.03470382083938783,akshare_stock_zh_a_hist
2023-06-21,111.5,112.0,103.11,104.88,77478,-0.07128309572301439,akshare_stock_zh_a_hist
2023-06-26,103.0,107.8,99.21,100.77,72025,-0.039187643020594964,akshare_stock_zh_a_hist
2023-06-27,100.58,101.5,94.0,97.55,58641,-0.0319539545499653,akshare_stock_zh_a_hist
2023-06-28,97.16,99.55,88.99,92.76,68473,-0.04910302409021006,akshare_stock_zh_a_hist
2023-06-29,92.76,95.0,91.5,93.27,49071,0.005498059508408648,akshare_stock_zh_a_hist
2023-06-30,91.88,96.49,90.27,94.52,68180,0.013401951324112815,akshare_stock_zh_a_hist
2023-07-03,94.4,94.88,89.52,90.8,55176,-0.039356749894202236,akshare_stock_zh_a_hist
2023-07-04,96.31,99.89,93.5,95.08,86289,0.047136563876652104,akshare_stock_zh_a_hist
2023-07-05,94.6,96.65,92.89,93.19,47197,-0.019877997475809872,akshare_stock_zh_a_hist
2023-07-06,92.49,99.09,92.03,96.1,51189,0.031226526451335834,akshare_stock_zh_a_hist
2023-07-07,93.89,96.0,91.09,93.3,44866,-0.02913631633714875,akshare_stock_zh_a_hist
2023-07-10,93.29,96.45,91.6,93.0,30816,-0.003215434083601254,akshare_stock_zh_a_hist
2023-07-11,92.99,95.72,91.82,95.21,38287,0.02376344086021498,akshare_stock_zh_a_hist
2023-07-12,96.15,98.2,88.48,88.54,56858,-0.07005566642159422,akshare_stock_zh_a_hist
2023-07-13,89.39,91.96,87.88,90.82,36788,0.025751072961373245,akshare_stock_zh_a_hist
2023-07-14,91.21,92.88,90.2,90.62,31966,-0.0022021581149525016,akshare_stock_zh_a_hist
2023-07-17,89.0,92.87,88.91,90.08,25233,-0.005958949459280549,akshare_stock_zh_a_hist
2023-07-18,90.45,94.8,90.09,92.0,37132,0.02131438721136769,akshare_stock_zh_a_hist
2023-07-19,91.4,92.0,87.2,89.2,29927,-0.030434782608695587,akshare_stock_zh_a_hist
2023-07-20,88.03,88.61,84.04,84.2,38179,-0.056053811659192876,akshare_stock_zh_a_hist
2023-07-21,84.31,84.99,82.11,82.8,23055,-0.016627078384798155,akshare_stock_zh_a_hist
2023-07-24,82.63,83.99,81.18,81.88,22953,-0.011111111111111183,akshare_stock_zh_a_hist
2023-07-25,82.51,83.9,79.45,81.2,30712,-0.008304836345871869,akshare_stock_zh_a_hist
2023-07-26,81.3,81.3,77.02,77.61,32213,-0.0442118226600986,akshare_stock_zh_a_hist
2023-07-27,77.03,78.5,75.0,75.68,25636,-0.024867929390542387,akshare_stock_zh_a_hist
2023-07-28,74.33,74.99,69.36,72.1,78182,-0.047304439746300386,akshare_stock_zh_a_hist
2023-07-31,72.12,73.25,70.9,72.01,29735,-0.0012482662968098523,akshare_stock_zh_a_hist
2023-08-01,72.71,73.0,70.77,71.83,28659,-0.0024996528259965123,akshare_stock_zh_a_hist
2023-08-02,71.92,73.4,71.13,72.79,27268,0.01336488932201041,akshare_stock_zh_a_hist
2023-08-03,71.87,73.2,70.96,71.62,22940,-0.016073636488528664,akshare_stock_zh_a_hist
2023-08-04,71.2,72.33,70.71,71.85,29145,0.0032113934655122467,akshare_stock_zh_a_hist
2023-08-07,73.0,75.2,71.77,72.91,59557,0.014752957550452361,akshare_stock_zh_a_hist
2023-08-08,72.2,74.3,71.17,72.18,28828,-0.010012343985735694,akshare_stock_zh_a_hist
2023-08-09,71.73,72.93,71.21,71.42,21272,-0.010529232474369654,akshare_stock_zh_a_hist
2023-08-10,71.71,72.39,70.75,70.87,19022,-0.007700924110893292,akshare_stock_zh_a_hist
2023-08-11,70.84,71.11,69.16,69.16,20851,-0.024128686327077875,akshare_stock_zh_a_hist
2023-08-14,68.0,70.38,67.89,70.05,19722,0.012868710237131209,akshare_stock_zh_a_hist
2023-08-15,70.5,71.28,68.3,68.83,16385,-0.01741613133476083,akshare_stock_zh_a_hist
2023-08-16,68.2,68.8,66.83,67.1,18659,-0.02513438907453147,akshare_stock_zh_a_hist
2023-08-17,66.61,68.5,66.18,67.61,18148,0.007600596125186376,akshare_stock_zh_a_hist
2023-08-18,68.0,68.38,65.6,65.6,18330,-0.029729329980772157,akshare_stock_zh_a_hist
2023-08-21,65.8,66.58,65.29,65.36,18036,-0.003658536585365746,akshare_stock_zh_a_hist
2023-08-22,65.4,66.68,64.22,66.4,19490,0.01591187270501848,akshare_stock_zh_a_hist
2023-08-23,66.23,66.23,64.27,64.27,15517,-0.032078313253012136,akshare_stock_zh_a_hist
2023-08-24,64.58,65.33,63.24,63.36,18593,-0.014159016648514045,akshare_stock_zh_a_hist
2023-08-25,62.52,62.53,60.3,60.88,22875,-0.039141414141414144,akshare_stock_zh_a_hist
2023-08-28,64.0,64.8,57.5,58.18,41929,-0.04434954007884362,akshare_stock_zh_a_hist
2023-08-29,57.91,61.43,57.53,60.86,33295,0.046063939498109274,akshare_stock_zh_a_hist
2023-08-30,61.55,65.3,61.55,63.89,44539,0.04978639500492932,akshare_stock_zh_a_hist
2023-08-31,62.65,65.5,62.02,64.86,38473,0.015182344654875557,akshare_stock_zh_a_hist
2023-09-01,64.01,65.0,63.13,63.46,22615,-0.021584952204748653,akshare_stock_zh_a_hist
2023-09-04,63.66,64.0,62.1,63.67,27363,0.0033091711314214844,akshare_stock_zh_a_hist
2023-09-05,63.9,65.29,63.54,64.27,26677,0.009423590387937608,akshare_stock_zh_a_hist
2023-09-06,64.01,69.45,63.13,69.45,60617,0.08059747938384954,akshare_stock_zh_a_hist
2023-09-07,68.08,68.38,65.16,65.46,48627,-0.0574514038876891,akshare_stock_zh_a_hist
2023-09-08,64.92,68.55,64.67,67.72,37943,0.0345249007027193,akshare_stock_zh_a_hist
2023-09-11,67.11,70.59,66.35,70.08,54884,0.03484937979917313,akshare_stock_zh_a_hist
2023-09-12,70.04,71.38,68.8,68.97,42007,-0.015839041095890405,akshare_stock_zh_a_hist
2023-09-13,70.51,71.94,68.02,71.31,46785,0.03392779469334495,akshare_stock_zh_a_hist
2023-09-14,70.0,70.0,66.67,66.98,39023,-0.06072079652222684,akshare_stock_zh_a_hist
2023-09-15,68.29,70.64,66.85,67.3,45587,0.004777545535980865,akshare_stock_zh_a_hist
2023-09-18,67.92,67.92,63.16,63.18,41148,-0.0612184249628529,akshare_stock_zh_a_hist
2023-09-19,62.61,63.22,60.69,61.73,23581,-0.022950300728078576,akshare_stock_zh_a_hist
2023-09-20,61.58,62.3,59.4,59.44,28343,-0.037097035477077545,akshare_stock_zh_a_hist
2023-09-21,59.2,60.6,59.04,59.12,20696,-0.0053835800807536804,akshare_stock_zh_a_hist
2023-09-22,58.91,65.5,58.42,64.32,57419,0.08795669824086594,akshare_stock_zh_a_hist
2023-09-25,63.33,65.85,63.23,64.46,37040,0.0021766169154229242,akshare_stock_zh_a_hist
2023-09-26,64.44,68.5,63.41,65.99,52341,0.023735650015513476,akshare_stock_zh_a_hist
2023-09-27,64.79,65.71,64.3,64.34,35901,-0.025003788452795717,akshare_stock_zh_a_hist
2023-09-28,65.09,66.25,64.31,65.31,34628,0.015076157911097177,akshare_stock_zh_a_hist
2023-10-09,64.21,65.59,63.73,64.55,25508,-0.01163680906446185,akshare_stock_zh_a_hist
2023-10-10,64.99,66.66,64.93,65.71,27074,0.017970565453137022,akshare_stock_zh_a_hist
2023-10-11,66.47,67.86,65.2,66.04,30200,0.0050220666565212735,akshare_stock_zh_a_hist
2023-10-12,66.16,66.85,63.7,64.66,27503,-0.020896426408237523,akshare_stock_zh_a_hist
2023-10-13,64.43,65.25,63.8,63.93,20393,-0.011289823693164225,akshare_stock_zh_a_hist
2023-10-16,63.95,64.05,60.65,61.19,23979,-0.04285937744407953,akshare_stock_zh_a_hist
2023-10-17,61.44,62.1,59.9,60.9,18092,-0.004739336492890933,akshare_stock_zh_a_hist
2023-10-18,60.99,61.88,59.2,59.57,16969,-0.02183908045977012,akshare_stock_zh_a_hist
2023-10-19,59.54,62.2,59.02,60.13,26373,0.009400705052879044,akshare_stock_zh_a_hist
2023-10-20,60.0,60.55,57.77,58.01,22177,-0.03525694328953943,akshare_stock_zh_a_hist
2023-10-23,57.41,57.8,54.43,55.0,24841,-0.05188760558524386,akshare_stock_zh_a_hist
2023-10-24,55.02,57.1,54.5,55.89,20321,0.016181818181818297,akshare_stock_zh_a_hist
2023-10-25,55.93,57.16,55.15,55.39,17689,-0.008946144211844698,akshare_stock_zh_a_hist
2023-10-26,54.97,55.24,53.48,54.94,27470,-0.008124210146235877,akshare_stock_zh_a_hist
2023-10-27,54.6,57.2,54.0,56.5,21567,0.028394612304331934,akshare_stock_zh_a_hist
2023-10-30,55.8,61.79,55.8,60.93,41109,0.07840707964601767,akshare_stock_zh_a_hist
2023-10-31,60.23,62.11,59.72,60.87,21793,-0.000984736582964052,akshare_stock_zh_a_hist
2023-11-01,60.13,61.82,60.13,60.21,14956,-0.010842779694430704,akshare_stock_zh_a_hist
2023-11-02,59.94,61.3,58.0,58.19,23521,-0.03354924431157624,akshare_stock_zh_a_hist
2023-11-03,58.09,65.57,58.09,64.3,52458,0.10500085925416736,akshare_stock_zh_a_hist
2023-11-06,65.79,66.06,63.6,64.75,33530,0.006998444790046632,akshare_stock_zh_a_hist
2023-11-07,64.3,73.76,63.95,72.31,87708,0.1167567567567569,akshare_stock_zh_a_hist
2023-11-08,74.32,77.99,72.9,73.61,90818,0.01797814963352229,akshare_stock_zh_a_hist
2023-11-09,73.34,76.49,71.29,71.85,59786,-0.02390979486482825,akshare_stock_zh_a_hist
2023-11-10,71.26,72.75,67.83,68.54,60863,-0.04606819763395953,akshare_stock_zh_a_hist
2023-11-13,69.8,70.49,68.31,68.87,38571,0.0048147067405894806,akshare_stock_zh_a_hist
2023-11-14,69.23,71.88,68.33,70.52,44622,0.0239581820821837,akshare_stock_zh_a_hist
2023-11-15,71.59,71.96,69.61,71.41,39670,0.012620533182076121,akshare_stock_zh_a_hist
2023-11-16,70.61,72.2,69.21,69.4,26029,-0.028147318302758628,akshare_stock_zh_a_hist
2023-11-17,69.2,70.67,68.49,70.39,25686,0.01426512968299698,akshare_stock_zh_a_hist
2023-11-20,70.43,74.6,70.43,73.5,66880,0.04418241227447073,akshare_stock_zh_a_hist
2023-11-21,73.7,75.93,71.25,72.5,52772,-0.013605442176870763,akshare_stock_zh_a_hist
2023-11-22,71.07,72.5,69.1,69.2,31090,-0.04551724137931035,akshare_stock_zh_a_hist
2023-11-23,68.65,74.8,67.8,74.03,65679,0.0697976878612716,akshare_stock_zh_a_hist
2023-11-24,75.0,75.33,70.66,71.15,51645,-0.03890314737268674,akshare_stock_zh_a_hist
2023-11-27,70.5,76.85,69.36,69.6,88476,-0.021784961349262333,akshare_stock_zh_a_hist
2023-11-28,68.76,69.36,65.6,67.55,69436,-0.029454022988505746,akshare_stock_zh_a_hist
2023-11-29,67.5,71.17,66.29,69.1,49801,0.022945965951147285,akshare_stock_zh_a_hist
2023-11-30,69.94,70.0,66.11,67.4,30784,-0.024602026049203918,akshare_stock_zh_a_hist
2023-12-01,66.66,68.92,66.31,68.0,32150,0.008902077151335286,akshare_stock_zh_a_hist
2023-12-04,68.91,70.5,67.22,68.47,38879,0.006911764705882284,akshare_stock_zh_a_hist
2023-12-05,67.85,67.88,65.08,65.09,35962,-0.049364685263619035,akshare_stock_zh_a_hist
2023-12-06,64.43,65.97,63.91,65.09,27715,0.0,akshare_stock_zh_a_hist
2023-12-07,64.0,65.81,63.06,64.85,25368,-0.0036872023352282346,akshare_stock_zh_a_hist
2023-12-08,64.5,71.23,64.4,69.89,72842,0.07771781033153435,akshare_stock_zh_a_hist
2023-12-11,69.8,70.75,68.33,70.49,35429,0.008584919158677762,akshare_stock_zh_a_hist
2023-12-12,70.71,71.23,69.0,69.69,21399,-0.011349127535820625,akshare_stock_zh_a_hist
2023-12-13,69.4,70.14,68.01,68.09,18643,-0.02295881762089247,akshare_stock_zh_a_hist
2023-12-14,69.0,69.98,67.66,67.79,22939,-0.004405933323542333,akshare_stock_zh_a_hist
2023-12-15,67.5,68.38,65.52,65.61,23172,-0.03215813541820334,akshare_stock_zh_a_hist
2023-12-18,65.05,65.48,62.68,62.98,26405,-0.040085352842554545,akshare_stock_zh_a_hist
2023-12-19,63.0,64.58,62.45,63.7,14918,0.011432200698634487,akshare_stock_zh_a_hist
2023-12-20,63.7,64.13,61.83,61.85,14456,-0.029042386185243352,akshare_stock_zh_a_hist
2023-12-21,61.85,64.41,60.48,63.0,21928,0.01859337105901382,akshare_stock_zh_a_hist
2023-12-22,63.0,63.25,61.18,61.67,14844,-0.02111111111111108,akshare_stock_zh_a_hist
2023-12-25,62.05,62.55,60.48,60.58,12317,-0.017674720285390078,akshare_stock_zh_a_hist
2023-12-26,60.58,60.58,58.5,59.15,13813,-0.023605150214592308,akshare_stock_zh_a_hist
2023-12-27,59.47,60.35,59.0,59.53,14241,0.006424344885883393,akshare_stock_zh_a_hist
2023-12-28,59.04,62.8,59.04,61.96,18197,0.040819754745506476,akshare_stock_zh_a_hist
2023-12-29,61.44,63.81,61.44,62.67,20610,0.011459005810200207,akshare_stock_zh_a_hist
2024-01-02,62.9,62.9,60.66,60.67,17108,-0.03191319610659005,akshare_stock_zh_a_hist
2024-01-03,60.07,60.98,58.92,59.38,16443,-0.021262567990769754,akshare_stock_zh_a_hist
2024-01-04,58.1,58.75,57.38,57.53,21211,-0.031155271135062335,akshare_stock_zh_a_hist
2024-01-05,57.4,57.87,55.3,55.76,17992,-0.030766556579176152,akshare_stock_zh_a_hist
2024-01-08,55.56,55.7,52.95,53.2,26013,-0.04591104734576745,akshare_stock_zh_a_hist
2024-01-09,53.5,54.85,52.7,53.23,21608,0.0005639097744358779,akshare_stock_zh_a_hist
2024-01-10,53.0,53.26,51.25,51.87,16369,-0.025549502160435833,akshare_stock_zh_a_hist
2024-01-11,51.9,54.53,51.51,54.09,23280,0.04279930595720072,akshare_stock_zh_a_hist
2024-01-12,53.8,54.53,53.1,53.45,15612,-0.011832131632464438,akshare_stock_zh_a_hist
2024-01-15,53.17,53.85,51.95,53.0,14359,-0.008419083255378879,akshare_stock_zh_a_hist
2024-01-16,52.97,53.0,51.15,52.0,16494,-0.018867924528301883,akshare_stock_zh_a_hist
2024-01-17,52.2,52.5,50.01,50.12,14082,-0.0361538461538462,akshare_stock_zh_a_hist
2024-01-18,50.0,50.71,47.11,50.36,42699,0.004788507581803714,akshare_stock_zh_a_hist
2024-01-19,50.74,51.2,48.27,48.27,26565,-0.04150119142176323,akshare_stock_zh_a_hist
2024-01-22,48.62,49.34,45.0,45.48,37313,-0.057799875699192205,akshare_stock_zh_a_hist
2024-01-23,44.58,46.86,44.58,46.42,29034,0.020668425681618308,akshare_stock_zh_a_hist
2024-01-24,46.68,47.42,43.6,45.62,33174,-0.01723395088324009,akshare_stock_zh_a_hist
2024-01-25,46.3,47.5,44.83,46.92,26743,0.028496273564226238,akshare_stock_zh_a_hist
2024-01-26,46.74,47.09,44.6,44.68,21185,-0.04774083546462071,akshare_stock_zh_a_hist
2024-01-29,45.58,46.05,43.29,43.49,26201,-0.02663384064458363,akshare_stock_zh_a_hist
2024-01-30,43.18,43.43,41.05,41.05,32548,-0.056104851690043755,akshare_stock_zh_a_hist
2024-01-31,41.0,41.5,38.64,38.65,35289,-0.05846528623629721,akshare_stock_zh_a_hist
2024-02-01,38.09,40.41,38.08,38.78,34385,0.003363518758085382,akshare_stock_zh_a_hist
2024-02-02,38.81,39.5,34.82,36.02,35570,-0.07117070654976787,akshare_stock_zh_a_hist
2024-02-05,35.7,36.7,30.84,31.65,42017,-0.12132148806218779,akshare_stock_zh_a_hist
2024-02-06,30.75,34.68,29.24,34.06,47673,0.07614533965244874,akshare_stock_zh_a_hist
2024-02-07,34.45,38.68,34.12,35.53,56272,0.04315913094539048,akshare_stock_zh_a_hist
2024-02-08,35.82,38.62,35.82,38.2,46119,0.07514776245426402,akshare_stock_zh_a_hist
2024-02-19,39.86,42.49,37.8,41.67,71095,0.09083769633507854,akshare_stock_zh_a_hist
2024-02-20,40.88,40.97,39.0,40.05,50071,-0.03887688984881221,akshare_stock_zh_a_hist
2024-02-21,39.6,41.55,38.88,40.09,44450,0.0009987515605494046,akshare_stock_zh_a_hist
2024-02-22,40.8,42.18,40.8,41.78,36660,0.04215515091045141,akshare_stock_zh_a_hist
2024-02-23,42.52,44.48,41.51,43.64,44074,0.04451890856869323,akshare_stock_zh_a_hist
2024-02-26,42.72,44.7,42.11,43.37,51186,-0.00618698441796528,akshare_stock_zh_a_hist
2024-02-27,43.22,45.88,42.56,45.88,48333,0.05787410652524794,akshare_stock_zh_a_hist
2024-02-28,45.5,46.3,40.8,40.95,66206,-0.10745422842197039,akshare_stock_zh_a_hist
2024-02-29,41.0,43.79,40.5,43.75,52314,0.06837606837606836,akshare_stock_zh_a_hist
2024-03-01,44.05,46.16,44.05,45.75,56539,0.04571428571428582,akshare_stock_zh_a_hist
2024-03-04,45.86,47.15,44.34,46.35,67602,0.013114754098360715,akshare_stock_zh_a_hist
2024-03-05,46.19,47.36,44.62,44.86,60286,-0.03214670981661272,akshare_stock_zh_a_hist
2024-03-06,44.6,45.46,43.2,44.79,43399,-0.0015604101649576707,akshare_stock_zh_a_hist
2024-03-07,46.54,47.3,43.88,44.24,58703,-0.012279526680062491,akshare_stock_zh_a_hist
2024-03-08,44.5,46.45,43.68,45.58,54518,0.030289330922242286,akshare_stock_zh_a_hist
2024-03-11,44.24,45.75,43.72,45.71,46653,0.002852128126371367,akshare_stock_zh_a_hist
2024-03-12,45.66,46.45,45.21,45.99,44624,0.006125574272588086,akshare_stock_zh_a_hist
2024-03-13,46.6,47.73,45.8,46.23,60007,0.00521852576647075,akshare_stock_zh_a_hist
2024-03-14,45.7,47.2,44.7,45.48,42431,-0.016223231667748195,akshare_stock_zh_a_hist
2024-03-15,45.5,46.75,44.36,46.66,46440,0.02594547053649965,akshare_stock_zh_a_hist
2024-03-18,47.8,54.59,47.66,54.05,123351,0.15837976853836255,akshare_stock_zh_a_hist
2024-03-19,52.0,53.43,51.5,52.0,93882,-0.037927844588344084,akshare_stock_zh_a_hist
2024-03-20,52.0,57.05,51.87,55.83,114168,0.07365384615384607,akshare_stock_zh_a_hist
2024-03-21,55.39,55.99,54.38,54.65,68207,-0.02113559018448863,akshare_stock_zh_a_hist
2024-03-22,53.8,56.0,52.12,53.51,74308,-0.020860018298261673,akshare_stock_zh_a_hist
2024-03-25,52.73,52.75,48.09,48.28,76843,-0.09773874042235087,akshare_stock_zh_a_hist
2024-03-26,48.22,49.46,45.78,46.71,57631,-0.03251864125932058,akshare_stock_zh_a_hist
2024-03-27,46.2,46.7,41.67,41.7,60443,-0.10725754656390485,akshare_stock_zh_a_hist
2024-03-28,42.28,43.65,41.1,42.61,46010,0.021822541966426856,akshare_stock_zh_a_hist
2024-03-29,42.39,42.93,40.44,41.71,43766,-0.021121802393804234,akshare_stock_zh_a_hist
2024-04-01,41.87,43.14,41.87,42.4,35579,0.016542795492687556,akshare_stock_zh_a_hist
2024-04-02,42.66,42.66,40.81,41.56,34925,-0.01981132075471692,akshare_stock_zh_a_hist
2024-04-03,41.61,41.86,39.63,40.43,33196,-0.027189605389797977,akshare_stock_zh_a_hist
2024-04-08,40.37,40.4,38.4,38.46,31962,-0.04872619342072715,akshare_stock_zh_a_hist
2024-04-09,38.12,39.3,37.83,39.1,27679,0.01664066562662514,akshare_stock_zh_a_hist
2024-04-10,38.99,38.99,37.21,37.76,24149,-0.03427109974424558,akshare_stock_zh_a_hist
2024-04-11,37.74,38.44,37.38,37.67,25330,-0.002383474576271083,akshare_stock_zh_a_hist
2024-04-12,37.95,39.09,37.66,38.12,28782,0.011945845500398011,akshare_stock_zh_a_hist
2024-04-15,38.2,38.99,35.62,36.18,38360,-0.0508919202518362,akshare_stock_zh_a_hist
2024-04-16,35.8,36.24,33.13,33.61,40385,-0.07103372028745158,akshare_stock_zh_a_hist
2024-04-17,34.21,37.3,34.21,37.3,41717,0.10978875334721794,akshare_stock_zh_a_hist
2024-04-18,36.61,37.35,35.4,36.22,34018,-0.028954423592493228,akshare_stock_zh_a_hist
2024-04-19,35.75,35.99,34.7,35.07,25900,-0.03175041413583657,akshare_stock_zh_a_hist
2024-04-22,34.01,35.61,33.53,34.9,20987,-0.004847447961220497,akshare_stock_zh_a_hist
2024-04-23,35.2,35.59,34.59,35.0,19958,0.002865329512893977,akshare_stock_zh_a_hist
2024-04-24,35.44,36.44,35.03,36.24,29358,0.03542857142857159,akshare_stock_zh_a_hist
2024-04-25,36.02,36.85,35.71,36.3,26993,0.0016556291390728006,akshare_stock_zh_a_hist
2024-04-26,36.51,38.53,36.32,37.73,46917,0.039393939393939315,akshare_stock_zh_a_hist
2024-04-29,37.45,39.71,37.45,39.22,41670,0.039491121123774287,akshare_stock_zh_a_hist
2024-04-30,38.11,39.08,37.82,38.42,41229,-0.020397756246812726,akshare_stock_zh_a_hist
2024-05-06,39.23,40.15,38.63,39.32,30896,0.02342529932326909,akshare_stock_zh_a_hist
2024-05-07,39.55,40.1,38.86,39.44,24301,0.003051881993896277,akshare_stock_zh_a_hist
2024-05-08,39.35,39.35,38.05,38.18,22094,-0.031947261663285986,akshare_stock_zh_a_hist
2024-05-09,38.25,39.18,38.25,38.99,30053,0.021215295966474645,akshare_stock_zh_a_hist
2024-05-10,39.13,39.58,37.21,37.33,29833,-0.042575019235701506,akshare_stock_zh_a_hist
2024-05-13,36.36,36.88,35.5,35.64,24751,-0.04527189927672104,akshare_stock_zh_a_hist
2024-05-14,36.12,36.49,35.11,35.32,23971,-0.008978675645342271,akshare_stock_zh_a_hist
2024-05-15,35.31,35.93,34.77,35.7,21382,0.01075877689694238,akshare_stock_zh_a_hist
2024-05-16,35.69,36.75,35.69,36.67,29206,0.02717086834733884,akshare_stock_zh_a_hist
2024-05-17,36.67,37.18,35.94,37.05,23368,0.01036269430051795,akshare_stock_zh_a_hist
2024-05-20,37.4,37.46,36.21,36.72,31463,-0.008906882591093068,akshare_stock_zh_a_hist
2024-05-21,36.96,36.96,35.8,36.0,18645,-0.019607843137254832,akshare_stock_zh_a_hist
2024-05-22,36.0,36.88,35.93,36.83,18807,0.023055555555555607,akshare_stock_zh_a_hist
2024-05-23,36.78,36.79,35.6,35.68,20101,-0.03122454520771112,akshare_stock_zh_a_hist
2024-05-24,35.78,36.07,34.16,34.2,21511,-0.041479820627802644,akshare_stock_zh_a_hist
2024-05-27,34.24,34.78,32.78,34.61,27615,0.011988304093567104,akshare_stock_zh_a_hist
2024-05-28,34.51,36.3,34.38,34.9,25091,0.008379081190407422,akshare_stock_zh_a_hist
2024-05-29,34.99,35.51,34.5,34.61,14855,-0.008309455587392489,akshare_stock_zh_a_hist
2024-05-30,34.39,35.72,33.81,35.26,21878,0.018780699219878683,akshare_stock_zh_a_hist
2024-05-31,35.26,36.99,35.1,36.54,27772,0.03630175836642091,akshare_stock_zh_a_hist
2024-06-03,37.0,37.38,35.6,35.86,33694,-0.018609742747673796,akshare_stock_zh_a_hist
2024-06-04,35.89,35.89,34.5,35.07,23708,-0.022030117122141646,akshare_stock_zh_a_hist
2024-06-05,34.71,35.94,34.71,34.91,19514,-0.004562303963501657,akshare_stock_zh_a_hist
2024-06-06,35.41,35.56,32.96,33.01,25688,-0.05442566599828125,akshare_stock_zh_a_hist
2024-06-07,33.45,33.91,32.81,33.01,17177,0.0,akshare_stock_zh_a_hist
2024-06-11,32.88,35.5,32.34,35.5,34085,0.07543168736746453,akshare_stock_zh_a_hist
2024-06-12,35.05,35.75,34.91,35.14,20287,-0.010140845070422566,akshare_stock_zh_a_hist
2024-06-13,35.26,37.83,35.26,36.74,45544,0.04553215708594194,akshare_stock_zh_a_hist
2024-06-14,36.31,38.03,35.81,37.33,48235,0.016058791507893133,akshare_stock_zh_a_hist
2024-06-17,36.89,37.9,36.87,37.28,32689,-0.0013394053040449716,akshare_stock_zh_a_hist
2024-06-18,37.57,37.9,36.58,36.86,33592,-0.011266094420600892,akshare_stock_zh_a_hist
2024-06-19,37.1,37.44,35.6,36.26,28317,-0.016277807921866616,akshare_stock_zh_a_hist
2024-06-20,36.26,38.84,36.02,37.09,55611,0.022890237175951622,akshare_stock_zh_a_hist
2024-06-21,36.78,37.38,35.45,37.04,38505,-0.0013480722566731052,akshare_stock_zh_a_hist
2024-06-24,36.83,36.96,33.67,33.71,42608,-0.08990280777537796,akshare_stock_zh_a_hist
2024-06-25,33.95,33.95,31.16,31.55,39609,-0.0640759418570157,akshare_stock_zh_a_hist
2024-06-26,31.55,32.56,30.6,32.43,27420,0.027892234548335892,akshare_stock_zh_a_hist
2024-06-27,32.49,32.75,31.02,31.03,24237,-0.043169904409497306,akshare_stock_zh_a_hist
2024-06-28,31.02,32.2,30.7,31.24,25307,0.006767644215275537,akshare_stock_zh_a_hist
2024-07-01,31.45,31.45,29.9,30.67,25281,-0.018245838668373815,akshare_stock_zh_a_hist
2024-07-02,30.8,30.8,29.85,29.86,22732,-0.026410172807303622,akshare_stock_zh_a_hist
2024-07-03,30.03,31.06,29.2,30.14,27374,0.009377093101138767,akshare_stock_zh_a_hist
2024-07-04,30.3,30.4,28.8,28.87,21381,-0.04213669542136689,akshare_stock_zh_a_hist
2024-07-05,28.88,29.15,28.18,28.87,23058,0.0,akshare_stock_zh_a_hist
2024-07-08,29.13,29.53,28.05,28.1,18140,-0.02667128507100791,akshare_stock_zh_a_hist
2024-07-09,28.5,29.94,27.78,29.77,28853,0.059430604982206425,akshare_stock_zh_a_hist
2024-07-10,29.37,30.4,29.29,30.1,21821,0.011084984884111693,akshare_stock_zh_a_hist
2024-07-11,30.7,31.2,30.33,30.63,20990,0.01760797342192677,akshare_stock_zh_a_hist
2024-07-12,30.33,30.71,29.96,30.38,16079,-0.008161932745674227,akshare_stock_zh_a_hist
2024-07-15,30.59,30.93,29.8,30.0,16735,-0.012508229098090795,akshare_stock_zh_a_hist
2024-07-16,29.98,30.58,29.34,30.44,23189,0.014666666666666606,akshare_stock_zh_a_hist
2024-07-17,30.45,30.7,29.88,29.89,17306,-0.018068331143232585,akshare_stock_zh_a_hist
2024-07-18,29.62,29.82,28.51,29.56,22251,-0.011040481766477095,akshare_stock_zh_a_hist
2024-07-19,29.4,32.1,29.38,31.41,40903,0.06258457374830861,akshare_stock_zh_a_hist
2024-07-22,31.2,32.21,31.0,31.88,27702,0.014963387456224053,akshare_stock_zh_a_hist
2024-07-23,31.84,31.84,29.87,29.9,25911,-0.062107904642409006,akshare_stock_zh_a_hist
2024-07-24,29.77,30.39,28.9,28.97,18818,-0.031103678929765843,akshare_stock_zh_a_hist
2024-07-25,28.63,29.69,28.56,29.1,15491,0.004487400759406457,akshare_stock_zh_a_hist
2024-07-26,29.6,29.78,28.83,29.53,14998,0.014776632302405446,akshare_stock_zh_a_hist
2024-07-29,29.45,29.74,29.02,29.17,14120,-0.01219099221131048,akshare_stock_zh_a_hist
2024-07-30,29.18,30.34,28.79,29.6,19577,0.014741172437435779,akshare_stock_zh_a_hist
2024-07-31,29.37,31.15,29.37,31.15,27522,0.05236486486486469,akshare_stock_zh_a_hist
2024-08-01,31.35,31.8,30.7,31.44,25708,0.009309791332263284,akshare_stock_zh_a_hist
2024-08-02,30.97,31.3,29.97,30.0,20225,-0.04580152671755733,akshare_stock_zh_a_hist
2024-08-05,29.62,30.11,28.41,28.41,26454,-0.05300000000000005,akshare_stock_zh_a_hist
2024-08-06,28.99,29.26,28.4,29.0,14862,0.020767335445265767,akshare_stock_zh_a_hist
2024-08-07,28.7,29.27,28.68,28.85,14305,-0.005172413793103403,akshare_stock_zh_a_hist
2024-08-08,28.81,29.15,27.89,28.37,21106,-0.01663778162911611,akshare_stock_zh_a_hist
2024-08-09,28.71,28.96,27.2,27.23,32178,-0.0401832922100811,akshare_stock_zh_a_hist
2024-08-12,27.14,27.4,26.62,26.89,15547,-0.012486228424531731,akshare_stock_zh_a_hist
2024-08-13,26.89,27.26,26.75,27.06,13862,0.0063220528077352345,akshare_stock_zh_a_hist
2024-08-14,27.2,27.25,26.23,26.24,18269,-0.030303030303030276,akshare_stock_zh_a_hist
2024-08-15,26.12,27.28,25.9,26.55,24840,0.011814024390244038,akshare_stock_zh_a_hist
2024-08-16,26.68,27.65,26.6,26.88,25270,0.012429378531073398,akshare_stock_zh_a_hist
2024-08-19,26.98,27.18,26.2,26.55,13855,-0.012276785714285698,akshare_stock_zh_a_hist
2024-08-20,26.7,26.83,25.88,25.94,14704,-0.022975517890772124,akshare_stock_zh_a_hist
2024-08-21,26.0,26.36,25.71,25.75,12135,-0.007324595219737939,akshare_stock_zh_a_hist
2024-08-22,25.7,26.17,25.2,25.26,15325,-0.019029126213592207,akshare_stock_zh_a_hist
2024-08-23,25.03,25.51,24.89,25.22,13482,-0.0015835312747427555,akshare_stock_zh_a_hist
2024-08-26,25.22,26.36,25.22,25.81,20439,0.02339413164155424,akshare_stock_zh_a_hist
2024-08-27,25.63,26.0,25.22,25.29,13124,-0.020147229755908547,akshare_stock_zh_a_hist
2024-08-28,25.3,25.64,25.01,25.05,17332,-0.009489916963226541,akshare_stock_zh_a_hist
2024-08-29,24.92,25.69,24.68,25.5,18694,0.017964071856287456,akshare_stock_zh_a_hist
2024-08-30,25.58,26.4,25.5,26.32,27826,0.0321568627450981,akshare_stock_zh_a_hist
2024-09-02,26.13,26.42,24.38,24.42,36204,-0.0721884498480243,akshare_stock_zh_a_hist
2024-09-03,24.48,25.56,24.3,24.92,24958,0.020475020475020367,akshare_stock_zh_a_hist
2024-09-04,24.93,25.47,24.58,25.1,16942,0.007223113964687,akshare_stock_zh_a_hist
2024-09-05,25.11,25.58,25.05,25.3,13877,0.007968127490039834,akshare_stock_zh_a_hist
2024-09-06,25.32,25.38,24.47,24.5,15574,-0.031620553359683834,akshare_stock_zh_a_hist
2024-09-09,24.51,24.63,24.11,24.28,13529,-0.00897959183673469,akshare_stock_zh_a_hist
2024-09-10,24.14,25.13,24.07,24.9,18378,0.025535420098846684,akshare_stock_zh_a_hist
2024-09-11,25.01,25.33,24.75,25.31,16727,0.016465863453815288,akshare_stock_zh_a_hist
2024-09-12,25.19,25.45,24.79,24.8,20074,-0.020150138285262686,akshare_stock_zh_a_hist
2024-09-13,24.72,24.93,24.05,24.06,15339,-0.029838709677419417,akshare_stock_zh_a_hist
2024-09-18,24.15,24.25,23.37,23.63,14251,-0.017871986699916853,akshare_stock_zh_a_hist
2024-09-19,23.93,24.5,23.6,24.15,17175,0.022005924672027,akshare_stock_zh_a_hist
2024-09-20,24.19,24.3,23.65,23.73,14936,-0.017391304347825987,akshare_stock_zh_a_hist
2024-09-23,23.75,24.2,23.45,24.1,15194,0.015592077538980176,akshare_stock_zh_a_hist
2024-09-24,24.32,25.1,23.92,25.08,30520,0.040663900414937615,akshare_stock_zh_a_hist
2024-09-25,25.32,26.09,25.18,25.45,30182,0.014752791068580517,akshare_stock_zh_a_hist
2024-09-26,25.27,26.56,25.27,26.53,28364,0.04243614931237727,akshare_stock_zh_a_hist
2024-09-27,27.5,28.8,26.94,28.55,27807,0.07614021862042963,akshare_stock_zh_a_hist
2024-09-30,30.65,34.26,30.51,34.26,79066,0.19999999999999996,akshare_stock_zh_a_hist
2024-10-08,41.11,41.11,39.5,41.11,84705,0.19994162288382955,akshare_stock_zh_a_hist
2024-10-09,41.2,47.3,39.0,42.82,148863,0.041595718803211,akshare_stock_zh_a_hist
2024-10-10,43.99,43.99,38.91,39.21,80666,-0.08430639887902847,akshare_stock_zh_a_hist
2024-10-11,39.09,39.09,35.16,35.65,62909,-0.09079316500892631,akshare_stock_zh_a_hist
2024-10-14,35.15,36.96,34.0,36.93,53506,0.035904628330995836,akshare_stock_zh_a_hist
2024-10-15,37.8,39.7,36.94,37.24,62402,0.008394259409694182,akshare_stock_zh_a_hist
2024-10-16,36.1,37.46,35.66,35.94,37369,-0.034908700322234254,akshare_stock_zh_a_hist
2024-10-17,36.85,37.35,36.06,36.1,36978,0.004451864218141477,akshare_stock_zh_a_hist
2024-10-18,35.88,41.5,35.8,39.77,78845,0.10166204986149596,akshare_stock_zh_a_hist
2024-10-21,41.3,45.2,40.39,41.6,96538,0.046014583857178826,akshare_stock_zh_a_hist
2024-10-22,45.99,47.0,42.5,43.43,121319,0.043990384615384626,akshare_stock_zh_a_hist
2024-10-23,41.95,49.59,41.81,46.81,132824,0.07782638728989189,akshare_stock_zh_a_hist
2024-10-24,46.01,51.49,45.5,49.49,134088,0.05725272377697066,akshare_stock_zh_a_hist
2024-10-25,49.86,49.86,46.46,48.13,99068,-0.02748029905031313,akshare_stock_zh_a_hist
2024-10-28,47.56,47.99,46.3,47.08,65628,-0.02181591522958659,akshare_stock_zh_a_hist
2024-10-29,47.8,47.82,44.58,44.58,78160,-0.05310110450297367,akshare_stock_zh_a_hist
2024-10-30,44.0,47.22,43.65,45.59,70289,0.022655899506505373,akshare_stock_zh_a_hist
2024-10-31,45.4,46.55,43.3,46.0,81965,0.008993200263215595,akshare_stock_zh_a_hist
2024-11-01,45.8,47.75,43.41,43.45,78575,-0.05543478260869561,akshare_stock_zh_a_hist
2024-11-04,43.0,44.5,42.81,43.88,35901,0.00989643268124274,akshare_stock_zh_a_hist
2024-11-05,43.96,47.26,43.39,47.0,70686,0.07110300820419324,akshare_stock_zh_a_hist
2024-11-06,47.05,49.39,46.46,47.16,83429,0.0034042553191488967,akshare_stock_zh_a_hist
2024-11-07,47.67,48.63,46.1,47.92,62857,0.016115351993214677,akshare_stock_zh_a_hist
2024-11-08,48.1,50.07,47.5,47.58,78908,-0.007095158597662854,akshare_stock_zh_a_hist
2024-11-11,48.63,51.46,48.25,50.38,87156,0.058848255569567076,akshare_stock_zh_a_hist
2024-11-12,50.57,50.98,47.89,48.39,66466,-0.03949980150853516,akshare_stock_zh_a_hist
2024-11-13,47.71,48.49,46.32,47.48,50510,-0.01880553833436671,akshare_stock_zh_a_hist
2024-11-14,47.2,47.89,45.36,45.45,39114,-0.04275484414490305,akshare_stock_zh_a_hist
2024-11-15,45.51,45.84,42.97,43.24,45887,-0.04862486248624864,akshare_stock_zh_a_hist
2024-11-18,42.9,43.45,40.59,40.88,40578,-0.0545790934320074,akshare_stock_zh_a_hist
2024-11-19,41.7,43.17,40.89,43.07,32835,0.0535714285714286,akshare_stock_zh_a_hist
2024-11-20,43.07,43.88,42.62,43.52,31536,0.010448107731599876,akshare_stock_zh_a_hist
2024-11-21,43.23,44.4,42.9,43.81,34190,0.006663602941176405,akshare_stock_zh_a_hist
2024-11-22,42.1,42.88,40.0,40.01,55806,-0.08673818762839547,akshare_stock_zh_a_hist
2024-11-25,39.82,40.39,38.91,39.9,28560,-0.0027493126718319827,akshare_stock_zh_a_hist
2024-11-26,39.79,40.82,39.54,39.72,21679,-0.004511278195488688,akshare_stock_zh_a_hist
2024-11-27,39.66,40.63,38.34,40.59,32869,0.021903323262840058,akshare_stock_zh_a_hist
2024-11-28,40.58,40.94,39.78,39.81,24984,-0.01921655580192172,akshare_stock_zh_a_hist
2024-11-29,39.84,41.97,39.06,41.09,34214,0.032152725445868,akshare_stock_zh_a_hist
2024-12-02,40.73,41.77,40.27,41.68,35164,0.014358724750547447,akshare_stock_zh_a_hist
2024-12-03,41.69,42.16,40.22,40.65,28227,-0.02471209213051828,akshare_stock_zh_a_hist
2024-12-04,41.5,42.5,40.3,40.44,35935,-0.005166051660516646,akshare_stock_zh_a_hist
2024-12-05,40.3,41.46,40.1,41.06,25238,0.015331355093966437,akshare_stock_zh_a_hist
2024-12-06,41.4,41.95,40.14,41.55,29161,0.01193375547978559,akshare_stock_zh_a_hist
2024-12-09,41.55,43.13,40.6,41.75,47813,0.004813477737665606,akshare_stock_zh_a_hist
2024-12-10,43.5,43.75,42.18,42.39,50534,0.015329341317365186,akshare_stock_zh_a_hist
2024-12-11,43.11,43.19,41.64,42.01,40221,-0.008964378391130068,akshare_stock_zh_a_hist
2024-12-12,42.0,42.1,40.55,40.86,44456,-0.027374434658414604,akshare_stock_zh_a_hist
2024-12-13,40.8,40.89,38.66,39.7,71126,-0.028389623103279416,akshare_stock_zh_a_hist
2024-12-16,39.25,39.58,38.41,38.57,39596,-0.028463476070529015,akshare_stock_zh_a_hist
2024-12-17,38.59,38.97,37.64,37.79,32408,-0.02022297122115635,akshare_stock_zh_a_hist
2024-12-18,38.5,38.91,37.37,38.62,29374,0.02196348240275192,akshare_stock_zh_a_hist
2024-12-19,38.0,39.27,37.67,38.9,28753,0.0072501294665976435,akshare_stock_zh_a_hist
2024-12-20,38.88,41.28,38.18,40.24,48367,0.03444730077120828,akshare_stock_zh_a_hist
2024-12-23,40.29,40.72,38.46,38.54,35474,-0.04224652087475156,akshare_stock_zh_a_hist
2024-12-24,39.0,39.23,37.49,38.54,29639,0.0,akshare_stock_zh_a_hist
2024-12-25,38.49,38.62,37.38,38.15,21014,-0.010119356512714117,akshare_stock_zh_a_hist
2024-12-26,38.1,39.88,37.71,39.73,30094,0.04141546526867623,akshare_stock_zh_a_hist
2024-12-27,40.0,40.93,39.21,39.31,35443,-0.01057135665743758,akshare_stock_zh_a_hist
2024-12-30,39.02,41.88,37.77,40.92,59851,0.04095649961841774,akshare_stock_zh_a_hist
2024-12-31,40.79,41.6,38.9,38.99,51994,-0.0471652003910068,akshare_stock_zh_a_hist
2025-01-02,38.85,40.3,37.18,37.73,36610,-0.03231597845601453,akshare_stock_zh_a_hist
2025-01-03,37.9,37.92,35.0,35.3,38324,-0.06440498277232976,akshare_stock_zh_a_hist
2025-01-06,35.31,36.17,33.81,34.05,26805,-0.03541076487252126,akshare_stock_zh_a_hist
2025-01-07,34.0,35.68,33.99,35.43,28819,0.04052863436123366,akshare_stock_zh_a_hist
2025-01-08,35.28,35.34,33.25,34.46,37999,-0.02737792830934238,akshare_stock_zh_a_hist
2025-01-09,34.3,35.35,34.28,34.63,26312,0.004933255948926352,akshare_stock_zh_a_hist
2025-01-10,34.63,37.15,34.18,35.9,63227,0.036673404562517886,akshare_stock_zh_a_hist
2025-01-13,38.0,43.08,38.0,43.08,145512,0.19999999999999996,akshare_stock_zh_a_hist
2025-01-14,43.67,44.88,42.81,43.98,157395,0.02089136490250687,akshare_stock_zh_a_hist
2025-01-15,44.8,44.88,41.4,42.95,121115,-0.023419736243747047,akshare_stock_zh_a_hist
2025-01-16,43.18,44.07,41.81,43.35,108764,0.0093131548311991,akshare_stock_zh_a_hist
2025-01-17,42.96,44.16,41.46,43.57,97807,0.005074971164936493,akshare_stock_zh_a_hist
2025-01-20,41.99,45.45,41.41,43.21,89973,-0.00826256598577002,akshare_stock_zh_a_hist
2025-01-21,43.23,46.99,42.06,46.9,124793,0.08539689886600321,akshare_stock_zh_a_hist
2025-01-22,48.9,49.75,45.68,46.21,117890,-0.014712153518123605,akshare_stock_zh_a_hist
2025-01-23,47.5,50.58,46.02,47.98,122890,0.03830339753300138,akshare_stock_zh_a_hist
2025-01-24,47.56,50.5,47.5,47.81,104202,-0.0035431429762400324,akshare_stock_zh_a_hist
2025-01-27,46.8,46.99,43.16,43.38,89655,-0.09265843965697551,akshare_stock_zh_a_hist
2025-02-05,43.88,45.47,42.5,45.23,74710,0.04264638082065453,akshare_stock_zh_a_hist
2025-02-06,44.73,47.36,44.2,47.1,60872,0.04134424054830865,akshare_stock_zh_a_hist
2025-02-07,50.0,56.52,48.38,56.52,204530,0.19999999999999996,akshare_stock_zh_a_hist
2025-02-10,54.82,56.58,52.85,55.8,165124,-0.012738853503184822,akshare_stock_zh_a_hist
2025-02-11,55.82,58.88,53.33,55.9,137945,0.0017921146953405742,akshare_stock_zh_a_hist
2025-02-12,55.5,61.0,54.61,59.89,122466,0.0713774597495529,akshare_stock_zh_a_hist
2025-02-13,59.92,69.86,59.0,62.55,162497,0.044414760394055675,akshare_stock_zh_a_hist
2025-02-14,60.0,61.85,57.37,59.58,141095,-0.0474820143884892,akshare_stock_zh_a_hist
2025-02-17,58.65,63.32,58.08,61.49,99506,0.032057737495803984,akshare_stock_zh_a_hist
2025-02-18,61.0,63.26,58.88,59.16,81530,-0.03789234021792165,akshare_stock_zh_a_hist
2025-02-19,59.0,66.88,59.0,64.68,106221,0.09330628803245444,akshare_stock_zh_a_hist
2025-02-20,65.02,68.69,63.3,66.09,100344,0.021799628942485993,akshare_stock_zh_a_hist
2025-02-21,63.77,69.08,63.39,64.39,124398,-0.025722499621728012,akshare_stock_zh_a_hist
2025-02-24,63.1,64.5,61.31,62.36,92300,-0.031526634570585466,akshare_stock_zh_a_hist
2025-02-25,59.9,62.0,59.62,61.25,62362,-0.017799871712636306,akshare_stock_zh_a_hist
2025-02-26,61.49,67.7,60.01,67.7,119814,0.10530612244897974,akshare_stock_zh_a_hist
2025-02-27,67.72,69.9,65.29,67.0,88574,-0.010339734121122657,akshare_stock_zh_a_hist
2025-02-28,66.0,66.69,58.38,58.64,93701,-0.12477611940298505,akshare_stock_zh_a_hist
2025-03-03,59.23,60.29,57.0,59.0,54214,0.006139154160982319,akshare_stock_zh_a_hist
2025-03-04,57.7,61.2,56.5,59.53,79570,0.008983050847457541,akshare_stock_zh_a_hist
2025-03-05,59.01,60.36,57.5,59.49,55144,-0.0006719301192675831,akshare_stock_zh_a_hist
2025-03-06,61.0,63.88,60.02,62.83,74750,0.056143889729366236,akshare_stock_zh_a_hist
2025-03-07,62.0,62.5,59.58,60.2,57027,-0.041858984561515156,akshare_stock_zh_a_hist
2025-03-10,59.5,62.31,59.47,60.82,48545,0.010299003322259193,akshare_stock_zh_a_hist
2025-03-11,59.5,64.09,59.5,62.98,58026,0.03551463334429461,akshare_stock_zh_a_hist
2025-03-12,73.0,74.8,66.69,66.77,128551,0.060177834233089866,akshare_stock_zh_a_hist
2025-03-13,65.89,66.26,61.56,61.99,78682,-0.07158903699266128,akshare_stock_zh_a_hist
2025-03-14,62.0,65.49,61.2,64.29,67089,0.037102758509437006,akshare_stock_zh_a_hist
2025-03-17,64.03,69.48,63.19,68.63,74106,0.06750661067039965,akshare_stock_zh_a_hist
2025-03-18,68.31,70.32,67.2,67.89,66839,-0.01078245665161004,akshare_stock_zh_a_hist
2025-03-19,67.0,67.0,63.77,64.28,54041,-0.0531742524672264,akshare_stock_zh_a_hist
2025-03-20,64.8,65.47,63.5,64.46,33240,0.002800248911014158,akshare_stock_zh_a_hist
2025-03-21,63.16,64.46,59.9,60.12,55160,-0.06732857586099905,akshare_stock_zh_a_hist
2025-03-24,59.47,59.87,53.15,54.44,88927,-0.09447771124417836,akshare_stock_zh_a_hist
2025-03-25,54.9,56.2,53.2,53.97,55251,-0.00863335782512853,akshare_stock_zh_a_hist
2025-03-26,54.9,55.73,53.91,53.91,39556,-0.0011117287381878782,akshare_stock_zh_a_hist
2025-03-27,54.3,55.69,53.33,54.27,38733,0.006677796327212215,akshare_stock_zh_a_hist
2025-03-28,54.45,55.25,53.0,53.52,36488,-0.013819789939192972,akshare_stock_zh_a_hist
2025-03-31,52.83,54.18,51.5,53.69,41157,0.003176382660687427,akshare_stock_zh_a_hist
2025-04-01,53.61,54.48,53.1,53.83,25719,0.0026075619295957697,akshare_stock_zh_a_hist
2025-04-02,55.55,56.88,53.83,53.99,34433,0.002972320267508932,akshare_stock_zh_a_hist
2025-04-03,53.0,54.67,52.29,53.59,41411,-0.007408779403593191,akshare_stock_zh_a_hist
2025-04-07,48.0,50.0,42.87,42.87,76591,-0.2000373203955963,akshare_stock_zh_a_hist
2025-04-08,44.37,46.79,44.0,45.19,68064,0.054117098203872116,akshare_stock_zh_a_hist
2025-04-09,43.0,49.58,42.47,49.3,87438,0.09094932507191866,akshare_stock_zh_a_hist
2025-04-10,51.0,52.52,49.96,50.2,57772,0.018255578093306468,akshare_stock_zh_a_hist
2025-04-11,50.0,58.87,49.88,56.9,88017,0.1334661354581672,akshare_stock_zh_a_hist
2025-04-14,57.01,58.22,56.05,57.22,44353,0.005623901581722324,akshare_stock_zh_a_hist
2025-04-15,57.2,57.48,55.51,56.82,32668,-0.006990562740300521,akshare_stock_zh_a_hist
2025-04-16,56.6,58.6,55.56,56.8,49498,-0.00035198873636044237,akshare_stock_zh_a_hist
2025-04-17,56.0,57.97,55.81,55.81,37248,-0.01742957746478868,akshare_stock_zh_a_hist
2025-04-18,55.33,56.0,54.0,54.2,32037,-0.028847876724601318,akshare_stock_zh_a_hist
2025-04-21,55.66,56.51,54.4,56.16,36962,0.03616236162361619,akshare_stock_zh_a_hist
2025-04-22,55.88,56.6,55.2,55.51,28638,-0.01157407407407407,akshare_stock_zh_a_hist
2025-04-23,56.3,56.54,55.6,55.94,26847,0.0077463520086471505,akshare_stock_zh_a_hist
2025-04-24,55.94,57.06,54.77,55.08,27217,-0.015373614587057549,akshare_stock_zh_a_hist
2025-04-25,55.16,55.4,53.71,54.31,34333,-0.013979665940450192,akshare_stock_zh_a_hist
2025-04-28,54.43,56.59,53.51,55.32,41061,0.018596943472656946,akshare_stock_zh_a_hist
2025-04-29,55.0,57.1,54.52,56.57,32516,0.022595806218365766,akshare_stock_zh_a_hist
2025-04-30,56.29,57.6,55.5,57.0,44220,0.007601202050556921,akshare_stock_zh_a_hist
2025-05-06,57.6,60.88,57.29,60.54,52059,0.06210526315789466,akshare_stock_zh_a_hist
2025-05-07,61.53,62.5,59.91,60.67,43127,0.002147340601255321,akshare_stock_zh_a_hist
2025-05-08,60.26,61.8,59.91,60.23,35779,-0.007252348772045614,akshare_stock_zh_a_hist
2025-05-09,60.24,63.5,57.53,61.95,70620,0.028557197409928792,akshare_stock_zh_a_hist
2025-05-12,61.63,62.35,59.51,60.78,62647,-0.018886198547215516,akshare_stock_zh_a_hist
2025-05-13,62.0,62.0,58.7,58.91,46121,-0.030766699572227774,akshare_stock_zh_a_hist
2025-05-14,59.29,59.9,58.3,58.8,29610,-0.001867255134951562,akshare_stock_zh_a_hist
2025-05-15,57.0,57.0,53.52,53.6,57834,-0.08843537414965985,akshare_stock_zh_a_hist
2025-05-16,53.6,56.54,53.23,55.11,50151,0.0281716417910447,akshare_stock_zh_a_hist
2025-05-19,55.11,56.28,54.31,54.84,26650,-0.004899292324441973,akshare_stock_zh_a_hist
2025-05-20,55.3,55.46,54.35,54.75,26035,-0.001641137855579955,akshare_stock_zh_a_hist
2025-05-21,54.72,54.72,53.3,53.96,26693,-0.01442922374429223,akshare_stock_zh_a_hist
2025-05-22,53.9,55.49,52.92,53.07,30039,-0.01649369903632325,akshare_stock_zh_a_hist
2025-05-23,53.14,53.81,52.14,52.36,26151,-0.013378556623327653,akshare_stock_zh_a_hist
2025-05-26,52.15,53.6,51.78,53.55,19688,0.022727272727272707,akshare_stock_zh_a_hist
2025-05-27,53.41,53.5,52.07,52.52,18734,-0.01923436041083093,akshare_stock_zh_a_hist
2025-05-28,52.66,54.3,52.09,53.5,34132,0.018659558263518505,akshare_stock_zh_a_hist
2025-05-29,54.15,54.18,53.2,53.41,29986,-0.0016822429906542258,akshare_stock_zh_a_hist
2025-05-30,53.18,53.18,51.83,51.97,21434,-0.026961243212881403,akshare_stock_zh_a_hist
2025-06-03,51.99,55.1,51.97,53.0,32268,0.019819126419087896,akshare_stock_zh_a_hist
2025-06-04,52.99,54.48,52.65,53.14,23080,0.0026415094339622414,akshare_stock_zh_a_hist
2025-06-05,53.6,55.27,52.8,55.04,37036,0.03575461046292805,akshare_stock_zh_a_hist
2025-06-06,54.78,56.32,53.5,55.58,40917,0.009811046511627897,akshare_stock_zh_a_hist
2025-06-09,55.65,55.65,54.6,54.9,30269,-0.012234616768621809,akshare_stock_zh_a_hist
2025-06-10,54.88,54.93,52.53,53.06,37490,-0.033515482695810506,akshare_stock_zh_a_hist
2025-06-11,53.47,53.98,52.75,52.94,19922,-0.0022615906520920825,akshare_stock_zh_a_hist
2025-06-12,52.75,55.86,52.57,53.73,41776,0.014922553834529673,akshare_stock_zh_a_hist
2025-06-13,53.45,54.44,52.28,52.65,28068,-0.02010050251256279,akshare_stock_zh_a_hist
2025-06-16,52.46,54.54,52.46,52.88,33168,0.004368471035137711,akshare_stock_zh_a_hist
2025-06-17,53.11,53.3,50.46,51.24,44106,-0.031013615733736732,akshare_stock_zh_a_hist
2025-06-18,50.93,52.75,50.61,52.58,38587,0.026151444184230987,akshare_stock_zh_a_hist
2025-06-19,52.63,55.43,52.25,52.42,54254,-0.003042982122479998,akshare_stock_zh_a_hist
2025-06-20,52.97,53.36,51.41,51.42,30937,-0.019076688286913446,akshare_stock_zh_a_hist
2025-06-23,50.91,53.35,50.69,52.72,36196,0.025281991443018237,akshare_stock_zh_a_hist
2025-06-24,52.99,54.44,52.99,53.66,41057,0.01783004552352052,akshare_stock_zh_a_hist
2025-06-25,54.4,54.66,53.35,54.53,43742,0.016213194185613178,akshare_stock_zh_a_hist
2025-06-26,54.69,56.16,54.0,54.15,50412,-0.006968641114982632,akshare_stock_zh_a_hist
2025-06-27,55.48,57.17,54.15,55.95,76568,0.033240997229917024,akshare_stock_zh_a_hist
2025-06-30,57.0,58.3,56.0,57.74,67249,0.031992850759606783,akshare_stock_zh_a_hist
2025-07-01,56.95,57.66,55.76,57.56,46116,-0.0031174229303775336,akshare_stock_zh_a_hist
2025-07-02,56.99,56.99,55.0,55.43,38600,-0.037004864489228684,akshare_stock_zh_a_hist
2025-07-03,55.43,56.3,55.25,55.8,29461,0.006675085693667704,akshare_stock_zh_a_hist
2025-07-04,55.52,55.85,53.83,54.06,36101,-0.03118279569892468,akshare_stock_zh_a_hist
2025-07-07,53.85,54.25,53.15,53.62,16892,-0.008139104698483224,akshare_stock_zh_a_hist
2025-07-08,53.77,57.8,53.28,57.28,70182,0.06825811264453563,akshare_stock_zh_a_hist
2025-07-09,56.98,61.0,56.98,59.6,98265,0.0405027932960893,akshare_stock_zh_a_hist
2025-07-10,59.5,61.81,59.43,60.0,67338,0.006711409395973034,akshare_stock_zh_a_hist
2025-07-11,60.0,62.4,59.15,60.65,56078,0.01083333333333325,akshare_stock_zh_a_hist
2025-07-14,60.8,61.6,59.6,60.33,38953,-0.005276174773289344,akshare_stock_zh_a_hist
2025-07-15,60.23,63.33,60.0,60.63,69335,0.004972650422675251,akshare_stock_zh_a_hist
2025-07-16,60.81,62.34,59.25,59.26,63656,-0.02259607455055257,akshare_stock_zh_a_hist
2025-07-17,59.08,62.68,58.7,61.84,73518,0.04353695578805272,akshare_stock_zh_a_hist
2025-07-18,62.02,64.33,61.4,62.07,63106,0.0037192755498058894,akshare_stock_zh_a_hist
2025-07-21,63.2,63.59,61.8,62.2,43348,0.0020944095376189686,akshare_stock_zh_a_hist
2025-07-22,62.03,65.99,61.0,61.22,83344,-0.01575562700964639,akshare_stock_zh_a_hist
2025-07-23,60.36,62.11,59.62,61.63,54625,0.00669715779157154,akshare_stock_zh_a_hist
2025-07-24,61.65,62.3,60.53,61.0,44916,-0.010222294337173476,akshare_stock_zh_a_hist
2025-07-25,60.7,62.58,60.0,62.25,48737,0.020491803278688492,akshare_stock_zh_a_hist
2025-07-28,63.0,68.7,62.11,65.98,117379,0.05991967871485948,akshare_stock_zh_a_hist
2025-07-29,65.75,72.0,65.03,70.5,149000,0.06850560775992709,akshare_stock_zh_a_hist
2025-07-30,70.2,71.45,68.0,69.85,108704,-0.009219858156028438,akshare_stock_zh_a_hist
2025-07-31,70.84,74.38,68.17,69.3,142067,-0.007874015748031482,akshare_stock_zh_a_hist
2025-08-01,68.68,72.49,67.0,69.6,110131,0.0043290043290042934,akshare_stock_zh_a_hist
2025-08-04,69.53,77.34,67.95,75.93,153189,0.09094827586206922,akshare_stock_zh_a_hist
2025-08-05,75.79,76.96,74.28,75.66,88731,-0.0035559067562229707,akshare_stock_zh_a_hist
2025-08-06,77.0,79.3,75.45,78.16,111339,0.0330425588157548,akshare_stock_zh_a_hist
2025-08-07,78.48,79.96,74.28,75.9,118754,-0.028915046059365235,akshare_stock_zh_a_hist
2025-08-08,75.99,77.3,73.46,74.98,89104,-0.012121212121212088,akshare_stock_zh_a_hist
2025-08-11,74.9,76.32,73.94,74.5,77522,-0.006401707121899247,akshare_stock_zh_a_hist
2025-08-12,74.0,75.85,71.5,75.0,112610,0.006711409395973256,akshare_stock_zh_a_hist
2025-08-13,74.79,75.68,73.81,74.32,104562,-0.009066666666666778,akshare_stock_zh_a_hist
2025-08-14,74.0,74.87,71.5,71.57,96699,-0.03700215285252961,akshare_stock_zh_a_hist
2025-08-15,71.65,72.86,71.02,71.68,67012,0.0015369568254857136,akshare_stock_zh_a_hist
2025-08-18,73.18,77.88,72.8,76.98,115033,0.0739397321428572,akshare_stock_zh_a_hist
2025-08-19,76.6,77.96,74.78,75.55,66919,-0.018576253572356594,akshare_stock_zh_a_hist
2025-08-20,76.0,76.73,72.66,76.0,76306,0.0059563203176704604,akshare_stock_zh_a_hist
2025-08-21,76.66,76.66,73.65,74.54,72812,-0.019210526315789345,akshare_stock_zh_a_hist
2025-08-22,75.7,79.9,74.97,79.35,105305,0.06452911188623545,akshare_stock_zh_a_hist
2025-08-25,82.5,85.5,80.2,82.03,137723,0.03377441713925644,akshare_stock_zh_a_hist
2025-08-26,78.96,80.65,76.05,76.05,118145,-0.07290015847860543,akshare_stock_zh_a_hist
2025-08-27,77.01,81.94,76.68,76.85,124661,0.01051939513477973,akshare_stock_zh_a_hist
2025-08-28,78.0,85.6,78.0,84.62,158684,0.10110605074821089,akshare_stock_zh_a_hist
2025-08-29,82.0,82.7,78.2,80.01,134383,-0.05447884660836677,akshare_stock_zh_a_hist
2025-09-01,81.0,86.88,78.57,84.21,148968,0.052493438320209806,akshare_stock_zh_a_hist
2025-09-02,83.3,85.95,75.0,76.27,165825,-0.0942880893005581,akshare_stock_zh_a_hist
2025-09-03,75.6,83.83,75.35,79.81,140526,0.046414055329749626,akshare_stock_zh_a_hist
2025-09-04,79.74,81.78,68.2,69.48,154343,-0.12943240195464223,akshare_stock_zh_a_hist
2025-09-05,70.0,73.87,69.11,73.5,102995,0.05785837651122616,akshare_stock_zh_a_hist
2025-09-08,73.0,73.0,68.51,70.86,92263,-0.03591836734693876,akshare_stock_zh_a_hist
2025-09-09,70.21,70.9,67.56,68.14,66979,-0.03838554896979962,akshare_stock_zh_a_hist
2025-09-10,70.02,70.21,67.58,68.48,54318,0.004989727032580049,akshare_stock_zh_a_hist
2025-09-11,70.4,75.2,69.5,74.58,132652,0.08907710280373826,akshare_stock_zh_a_hist
2025-09-12,73.2,81.56,72.22,78.25,146056,0.04920890319120419,akshare_stock_zh_a_hist
2025-09-15,77.95,79.0,75.01,75.53,86193,-0.034760383386581495,akshare_stock_zh_a_hist
2025-09-16,75.91,76.0,73.7,75.19,60559,-0.004501522573811756,akshare_stock_zh_a_hist
2025-09-17,74.7,77.34,74.36,76.14,72625,0.01263465886421078,akshare_stock_zh_a_hist
2025-09-18,76.0,79.83,74.51,75.76,115672,-0.004990806409246096,akshare_stock_zh_a_hist
2025-09-19,76.62,80.17,75.8,77.0,98891,0.01636747624076018,akshare_stock_zh_a_hist
2025-09-22,77.89,79.85,76.2,79.2,96463,0.028571428571428692,akshare_stock_zh_a_hist
2025-09-23,80.57,80.99,72.27,75.36,125805,-0.048484848484848575,akshare_stock_zh_a_hist
2025-09-24,73.0,76.8,72.2,75.5,90764,0.0018577494692144647,akshare_stock_zh_a_hist
2025-09-25,75.15,77.44,74.24,75.39,70594,-0.0014569536423840734,akshare_stock_zh_a_hist
2025-09-26,75.0,75.68,72.01,72.44,69032,-0.03912985807136227,akshare_stock_zh_a_hist
2025-09-29,72.42,75.5,72.03,74.9,72060,0.033959138597460026,akshare_stock_zh_a_hist
2025-09-30,75.3,78.58,74.28,75.75,68892,0.011348464619492571,akshare_stock_zh_a_hist
2025-10-09,77.06,78.3,75.18,75.35,80309,-0.005280528052805322,akshare_stock_zh_a_hist
2025-10-10,75.16,75.16,68.1,68.73,113891,-0.08785666887856658,akshare_stock_zh_a_hist
2025-10-13,63.88,69.3,63.88,68.66,65330,-0.0010184781027209322,akshare_stock_zh_a_hist
2025-10-14,69.67,71.5,65.93,66.35,65466,-0.03364404311098168,akshare_stock_zh_a_hist
2025-10-15,67.01,67.92,65.63,67.69,46261,0.020195930670685813,akshare_stock_zh_a_hist
2025-10-16,67.21,69.19,66.77,67.54,41104,-0.0022159846358397184,akshare_stock_zh_a_hist
2025-10-17,67.16,67.4,63.57,63.7,44973,-0.056855196920343576,akshare_stock_zh_a_hist
2025-10-20,66.04,73.26,65.0,69.68,115110,0.09387755102040818,akshare_stock_zh_a_hist
2025-10-21,69.86,73.66,69.01,73.26,81399,0.05137772675086105,akshare_stock_zh_a_hist
2025-10-22,72.33,76.39,71.51,74.69,68974,0.019519519519519468,akshare_stock_zh_a_hist
2025-10-23,73.38,74.66,70.37,72.02,60095,-0.03574775739724201,akshare_stock_zh_a_hist
2025-10-24,72.98,75.49,71.58,74.98,71413,0.041099694529297626,akshare_stock_zh_a_hist
2025-10-27,76.0,76.0,73.38,74.7,91475,-0.0037343291544411628,akshare_stock_zh_a_hist
2025-10-28,74.5,75.98,73.5,73.79,69051,-0.012182061579651848,akshare_stock_zh_a_hist
2025-10-29,75.58,79.66,75.01,77.16,109030,0.04567014500609834,akshare_stock_zh_a_hist
2025-10-30,75.4,76.86,73.68,74.88,76986,-0.029548989113530322,akshare_stock_zh_a_hist
2025-10-31,75.45,75.45,71.92,72.16,55275,-0.03632478632478631,akshare_stock_zh_a_hist
2025-11-03,70.05,71.48,67.0,69.82,70532,-0.03242793791574283,akshare_stock_zh_a_hist
2025-11-04,69.84,70.3,67.34,67.88,40253,-0.02778573474649093,akshare_stock_zh_a_hist
2025-11-05,66.95,67.8,65.11,66.89,43536,-0.014584560989982287,akshare_stock_zh_a_hist
2025-11-06,68.95,80.27,68.3,80.27,226269,0.20002989983555075,akshare_stock_zh_a_hist
2025-11-07,81.89,91.77,80.48,87.5,268178,0.09007101034010212,akshare_stock_zh_a_hist
2025-11-10,86.0,87.48,82.29,86.7,172705,-0.00914285714285712,akshare_stock_zh_a_hist
2025-11-11,86.71,91.83,85.04,85.5,166070,-0.01384083044982698,akshare_stock_zh_a_hist
2025-11-12,83.91,84.21,78.92,82.49,140148,-0.03520467836257313,akshare_stock_zh_a_hist
2025-11-13,85.35,95.55,83.97,90.41,186278,0.09601163777427568,akshare_stock_zh_a_hist
2025-11-14,88.47,89.5,82.01,82.01,142309,-0.09291007631899117,akshare_stock_zh_a_hist
2025-11-17,82.0,84.0,80.81,83.07,105147,0.012925253017924465,akshare_stock_zh_a_hist
2025-11-18,84.01,87.87,79.95,84.05,147228,0.011797279402913308,akshare_stock_zh_a_hist
2025-11-19,84.56,89.87,83.01,85.73,150224,0.019988102320047663,akshare_stock_zh_a_hist
2025-11-20,89.85,89.99,81.01,83.38,144124,-0.027411641199113546,akshare_stock_zh_a_hist
2025-11-21,77.02,78.99,72.22,74.5,147948,-0.1065003597985128,akshare_stock_zh_a_hist
2025-11-24,75.61,76.81,73.47,74.41,80627,-0.0012080536912751905,akshare_stock_zh_a_hist
2025-11-25,77.43,89.29,76.45,89.29,238291,0.19997312189221894,akshare_stock_zh_a_hist
2025-11-26,90.0,107.15,90.0,107.15,310888,0.20002239892485152,akshare_stock_zh_a_hist
2025-11-27,105.9,122.0,105.9,114.76,301825,0.07102193187120864,akshare_stock_zh_a_hist
2025-11-28,114.65,121.11,113.0,118.7,200283,0.0343325200418263,akshare_stock_zh_a_hist
2025-12-01,117.24,117.4,110.54,111.85,180455,-0.0577085088458299,akshare_stock_zh_a_hist
2025-12-02,111.46,114.8,106.61,110.5,145983,-0.01206973625391139,akshare_stock_zh_a_hist
2025-12-03,108.51,112.09,107.0,107.77,107408,-0.024705882352941244,akshare_stock_zh_a_hist
2025-12-04,106.23,110.8,103.51,107.35,136609,-0.0038971884568990145,akshare_stock_zh_a_hist
2025-12-05,111.0,128.82,107.35,128.82,209407,0.19999999999999996,akshare_stock_zh_a_hist
2025-12-08,132.18,150.88,129.94,148.48,246847,0.152616053407856,akshare_stock_zh_a_hist
2025-12-09,140.94,145.5,140.58,141.22,195799,-0.04889547413793094,akshare_stock_zh_a_hist
2025-12-10,142.32,156.65,142.26,152.64,211558,0.08086673275739975,akshare_stock_zh_a_hist
2025-12-11,152.64,158.49,147.91,148.0,178251,-0.03039832285115296,akshare_stock_zh_a_hist
2025-12-12,148.0,153.0,145.53,149.28,169796,0.00864864864864856,akshare_stock_zh_a_hist
2025-12-15,140.99,150.7,140.99,144.5,135427,-0.03202036441586287,akshare_stock_zh_a_hist
2025-12-16,145.99,147.94,137.01,141.76,130871,-0.01896193771626309,akshare_stock_zh_a_hist
2025-12-17,143.0,150.67,142.34,149.5,192925,0.05459932279909707,akshare_stock_zh_a_hist
2025-12-18,142.2,146.46,139.25,142.13,155612,-0.04929765886287629,akshare_stock_zh_a_hist
2025-12-19,146.0,146.13,134.66,136.0,135580,-0.04312952930415814,akshare_stock_zh_a_hist
2025-12-22,142.8,151.5,139.46,141.0,174857,0.03676470588235303,akshare_stock_zh_a_hist
2025-12-23,143.26,147.5,136.21,143.0,166489,0.014184397163120588,akshare_stock_zh_a_hist
2025-12-24,145.12,146.81,137.39,140.19,122961,-0.01965034965034962,akshare_stock_zh_a_hist
2025-12-25,139.7,162.0,136.12,158.64,248335,0.13160710464369774,akshare_stock_zh_a_hist
2025-12-26,149.67,150.0,141.0,141.14,233496,-0.11031265758951081,akshare_stock_zh_a_hist
2025-12-29,138.35,138.5,131.03,132.96,174009,-0.05795663879835611,akshare_stock_zh_a_hist
2025-12-30,132.01,135.56,128.96,129.48,148091,-0.026173285198556107,akshare_stock_zh_a_hist
2025-12-31,129.06,130.0,124.0,125.35,138746,-0.031896818041396324,akshare_stock_zh_a_hist
2026-01-05,126.26,130.48,126.05,128.25,119575,0.023135221380135684,akshare_stock_zh_a_hist
2026-01-06,125.94,128.87,124.24,125.7,110114,-0.019883040935672502,akshare_stock_zh_a_hist
2026-01-07,130.0,131.69,126.0,129.38,151321,0.02927605409705647,akshare_stock_zh_a_hist
2026-01-08,126.5,129.69,124.66,126.69,103533,-0.02079146699644452,akshare_stock_zh_a_hist
2026-01-09,124.05,140.57,122.3,138.59,242271,0.09393006551424743,akshare_stock_zh_a_hist
2026-01-12,136.0,143.47,131.06,139.85,189957,0.009091565047983252,akshare_stock_zh_a_hist
2026-01-13,137.0,137.2,123.5,123.98,164233,-0.11347872720772245,akshare_stock_zh_a_hist
2026-01-14,125.97,130.6,123.43,126.86,139820,0.02322955315373454,akshare_stock_zh_a_hist
2026-01-15,124.8,128.6,123.05,128.52,96955,0.013085290871827304,akshare_stock_zh_a_hist
2026-01-16,130.0,132.57,128.51,130.22,108863,0.013227513227513032,akshare_stock_zh_a_hist
2026-01-19,127.0,131.53,127.0,128.0,76455,-0.01704807249270468,akshare_stock_zh_a_hist
2026-01-20,127.11,128.3,118.72,120.92,107549,-0.05531249999999999,akshare_stock_zh_a_hist
2026-01-21,115.0,121.69,114.5,120.0,122340,-0.007608336089976908,akshare_stock_zh_a_hist
2026-01-22,120.19,125.0,120.19,124.6,96807,0.03833333333333333,akshare_stock_zh_a_hist
2026-01-23,124.0,127.34,121.21,124.88,88480,0.0022471910112360494,akshare_stock_zh_a_hist
2026-01-26,124.7,127.3,121.87,122.22,76090,-0.02130044843049328,akshare_stock_zh_a_hist
2026-01-27,121.95,131.49,118.41,129.3,142328,0.0579283259695631,akshare_stock_zh_a_hist
2026-01-28,130.44,131.2,127.31,129.02,97135,-0.002165506573859277,akshare_stock_zh_a_hist
2026-01-29,127.47,128.23,120.69,121.28,120562,-0.05999069911641608,akshare_stock_zh_a_hist
2026-01-30,120.46,133.24,118.7,130.2,164960,0.07354881266490754,akshare_stock_zh_a_hist
2026-02-02,129.0,135.98,125.31,128.11,121471,-0.01605222734254974,akshare_stock_zh_a_hist
2026-02-03,130.6,137.97,129.24,137.1,177778,0.07017406915931601,akshare_stock_zh_a_hist
2026-02-04,137.14,138.4,126.5,135.2,157435,-0.013858497447118978,akshare_stock_zh_a_hist
2026-02-05,128.0,130.89,124.68,126.25,100065,-0.06619822485207094,akshare_stock_zh_a_hist
2026-02-06,122.1,137.5,122.01,132.96,126006,0.053148514851485196,akshare_stock_zh_a_hist
2026-02-09,136.0,146.85,131.01,142.29,155608,0.07017148014440422,akshare_stock_zh_a_hist
2026-02-10,140.23,146.8,139.01,139.5,109103,-0.019607843137254832,akshare_stock_zh_a_hist
2026-02-11,138.0,140.56,134.16,134.32,80310,-0.03713261648745525,akshare_stock_zh_a_hist
2026-02-12,135.8,147.65,134.35,144.93,138598,0.07899047051816566,akshare_stock_zh_a_hist
2026-02-13,142.07,143.99,133.9,134.05,119812,-0.07507072379769542,akshare_stock_zh_a_hist
2026-02-24,137.5,140.4,134.62,135.38,102264,0.009921671018276568,akshare_stock_zh_a_hist
2026-02-25,136.36,152.01,136.36,146.86,195703,0.08479834539813869,akshare_stock_zh_a_hist
2026-02-26,149.92,160.0,144.55,154.1,168581,0.04929865177720272,akshare_stock_zh_a_hist
2026-02-27,147.5,166.6,146.9,159.84,143912,0.03724853990915,akshare_stock_zh_a_hist
2026-03-02,155.38,164.99,155.38,157.58,109786,-0.014139139139139112,akshare_stock_zh_a_hist
2026-03-03,165.77,178.88,159.0,166.99,200229,0.05971569996192416,akshare_stock_zh_a_hist
2026-03-04,161.01,180.88,161.01,176.0,181465,0.053955326666267345,akshare_stock_zh_a_hist
2026-03-05,179.99,180.75,165.35,169.68,149340,-0.03590909090909089,akshare_stock_zh_a_hist
2026-03-06,163.81,164.0,151.0,157.5,150579,-0.07178217821782185,akshare_stock_zh_a_hist
2026-03-09,146.21,160.99,139.9,157.0,117398,-0.0031746031746031633,akshare_stock_zh_a_hist
2026-03-10,163.86,188.4,161.0,188.4,190392,0.19999999999999996,akshare_stock_zh_a_hist
2026-03-11,191.0,194.85,185.0,187.2,148878,-0.006369426751592466,akshare_stock_zh_a_hist
2026-03-12,182.0,186.88,175.06,178.81,134284,-0.04481837606837602,akshare_stock_zh_a_hist
2026-03-13,175.33,185.0,173.0,173.05,106140,-0.032212963480789614,akshare_stock_zh_a_hist
2026-03-16,173.12,178.6,168.17,177.25,94962,0.024270442068766274,akshare_stock_zh_a_hist
2026-03-17,173.01,174.06,155.98,160.03,142620,-0.09715091678420307,akshare_stock_zh_a_hist
2026-03-18,162.0,165.99,156.99,164.01,96238,0.024870336811847693,akshare_stock_zh_a_hist
2026-03-19,160.1,189.6,159.29,182.59,185017,0.11328577525760641,akshare_stock_zh_a_hist
2026-03-20,199.99,218.8,199.99,203.14,264884,0.11254723697902391,akshare_stock_zh_a_hist
2026-03-23,191.43,207.47,186.55,191.0,172307,-0.05976174067145801,akshare_stock_zh_a_hist
2026-03-24,192.57,196.66,182.01,195.99,172646,0.026125654450261937,akshare_stock_zh_a_hist
2026-03-25,210.0,233.25,210.0,224.18,185758,0.14383386907495277,akshare_stock_zh_a_hist
2026-03-26,219.19,234.0,219.19,227.88,168156,0.01650459452225883,akshare_stock_zh_a_hist
2026-03-27,213.0,236.0,211.89,229.85,157385,0.008644900824995583,akshare_stock_zh_a_hist
2026-03-30,228.0,232.0,220.1,223.16,117259,-0.029105938655644925,akshare_stock_zh_a_hist
2026-03-31,213.5,215.8,204.6,206.0,152732,-0.07689550098583975,akshare_stock_zh_a_hist
2026-04-01,217.0,229.3,210.61,227.2,161566,0.1029126213592233,akshare_stock_zh_a_hist
2026-04-02,225.0,232.94,215.42,216.55,115416,-0.04687499999999989,akshare_stock_zh_a_hist
2026-04-03,226.0,249.79,225.99,236.93,154934,0.0941122142692219,akshare_stock_zh_a_hist
2026-04-07,233.45,240.0,225.5,228.5,133041,-0.035580129152070206,akshare_stock_zh_a_hist
2026-04-08,245.0,245.5,229.19,238.68,148224,0.044551422319474954,akshare_stock_zh_a_hist
2026-04-09,230.23,235.89,227.0,230.05,133713,-0.03615719792190375,akshare_stock_zh_a_hist
2026-04-10,229.0,249.88,218.8,239.39,218059,0.04059986959356654,akshare_stock_zh_a_hist
2026-04-13,233.0,262.66,233.0,255.9,177860,0.06896695768411387,akshare_stock_zh_a_hist
2026-04-14,260.76,304.93,260.76,289.0,203378,0.12934740132864397,akshare_stock_zh_a_hist
2026-04-15,290.0,307.9,287.0,292.5,145577,0.01211072664359869,akshare_stock_zh_a_hist
2026-04-16,298.16,309.21,288.0,298.0,140336,0.018803418803418737,akshare_stock_zh_a_hist
2026-04-17,307.0,344.04,306.94,328.01,177604,0.10070469798657711,akshare_stock_zh_a_hist
2026-04-20,306.99,327.98,306.0,309.18,176423,-0.05740678637846397,akshare_stock_zh_a_hist
2026-04-21,301.3,312.0,296.0,310.76,142590,0.005110291739439665,akshare_stock_zh_a_hist
2026-04-22,322.0,372.91,322.0,372.91,220516,0.19999356416527236,akshare_stock_zh_a_hist
2026-04-23,383.9,385.34,358.16,367.0,185953,-0.015848328014802515,akshare_stock_zh_a_hist
2026-04-24,380.45,410.0,375.0,385.73,185003,0.051035422343324255,akshare_stock_zh_a_hist
2026-04-27,392.94,396.66,370.0,385.0,157006,-0.001892515490109714,akshare_stock_zh_a_hist
2026-04-28,393.93,398.98,358.0,364.59,161311,-0.05301298701298707,akshare_stock_zh_a_hist
2026-04-29,352.06,368.5,347.39,351.2,158775,-0.03672618557832086,akshare_stock_zh_a_hist
2026-04-30,372.0,379.89,344.06,352.03,154678,0.0023633257403188335,akshare_stock_zh_a_hist
2026-05-06,355.0,390.0,344.2,372.01,169276,0.05675652643240636,akshare_stock_zh_a_hist
2026-05-07,364.65,399.41,344.3,392.87,187364,0.05607376145802534,akshare_stock_zh_a_hist
2026-05-08,376.88,449.99,376.87,438.88,180197,0.11711253086262619,akshare_stock_zh_a_hist
2026-05-11,438.89,449.18,420.0,433.3,150821,-0.012714181553044046,akshare_stock_zh_a_hist
2026-05-12,444.44,460.0,430.1,431.49,119119,-0.004177244403415603,akshare_stock_zh_a_hist
2026-05-13,419.0,438.8,419.0,436.9,102355,0.012537949894551259,akshare_stock_zh_a_hist
2026-05-14,443.0,463.37,430.89,448.1,125910,0.02563515678645012,akshare_stock_zh_a_hist
2026-05-15,458.88,460.0,412.0,418.31,118086,-0.06648069627315334,akshare_stock_zh_a_hist
2026-05-18,410.0,424.99,403.5,408.02,96283,-0.024598981616504534,akshare_stock_zh_a_hist
2026-05-19,396.88,403.45,383.83,401.71,104316,-0.015464928189794613,akshare_stock_zh_a_hist
2026-05-20,399.59,401.96,380.0,393.98,117646,-0.019242737298050705,akshare_stock_zh_a_hist
2026-05-21,395.0,396.9,355.0,356.97,166810,-0.09393877861820399,akshare_stock_zh_a_hist
2026-05-22,366.6,387.83,355.2,376.1,141486,0.053589937529764375,akshare_stock_zh_a_hist
2026-05-25,377.91,382.7,365.1,375.68,127631,-0.0011167242754587248,akshare_stock_zh_a_hist
2026-05-26,370.0,373.33,347.0,352.0,92435,-0.06303236797274281,akshare_stock_zh_a_hist
